player_id,player_name,team_abbr,minutes,prior_bpm,blended_impact_per100,waa_pts
203999,Nikola Jokić,DEN,2295.7,12.42295048452386,13.412,39.113
203507,Giannis Antetokounmpo,MIL,2105.68,8.801762661370407,13.08,34.988
1628983,Shai Gilgeous-Alexander,OKC,2402.43,10.765405907311855,11.774,35.933
1641705,Victor Wembanyama,SAS,1409.98,5.77883690816549,7.539,13.503
1629029,Luka Dončić,LAL,1632.8,6.041839888803673,6.822,14.15
1627783,Pascal Siakam,IND,2360.53,1.5386794820217244,6.451,19.344
1627827,Dorian Finney-Smith,LAL,1671.02,-1.0102211104406615,6.412,13.611
202681,Kyrie Irving,DAL,1664.6,3.0362834784525514,6.068,12.831
1626157,Karl-Anthony Towns,NYK,2364.73,3.3256166666003906,6.067,18.225
1628436,Luke Kornet,BOS,1239.87,2.835927820587537,5.78,9.104
1629627,Zion Williamson,NOP,800.08,5.736948467497474,5.738,5.832
1631119,Jaylin Williams,OKC,703.35,3.368377570750571,5.507,4.92
1628381,John Collins,UTA,1119.05,0.7636026949292778,5.392,7.665
1630595,Cade Cunningham,DET,2249.57,3.593695120375734,5.359,15.314
1641708,Amen Thompson,HOU,2075.78,3.7563002632784905,5.322,14.034
1630578,Alperen Sengun,HOU,2232.83,4.060068070319746,5.145,14.593
1630532,Franz Wagner,ORL,1886.57,2.79802167369646,5.012,12.012
201939,Stephen Curry,GSW,2067.28,5.806151681339299,4.823,12.666
1627826,Ivica Zubac,LAC,2452.18,2.8636597007124793,4.694,14.622
1629660,Ty Jerome,CLE,1268.17,3.7394184054097885,4.679,7.538
201143,Al Horford,BOS,1528.87,1.003439218045471,4.507,8.753
1627936,Alex Caruso,OKC,946.9,3.316254900173215,4.47,5.377
1627734,Domantas Sabonis,SAC,2269.37,4.815602408891571,4.403,12.693
1630596,Evan Mobley,CLE,2013.95,4.211820975530858,4.396,11.247
1628991,Jaren Jackson Jr.,MEM,2053.3,2.0753369945082376,4.025,10.499
1628449,Chris Boucher,TOR,799.5,1.7786729857819903,3.999,4.061
1630549,Day'Ron Sharpe,BRK,823.88,0.6073561424405471,3.802,3.979
203500,Steven Adams,HOU,740.35,0.08098500589655758,3.802,3.576
1630581,Josh Giddey,CHI,1918.62,2.709951561910839,3.799,9.259
1641726,Dereck Lively II,DAL,791.52,-1.0,3.733,3.753
1630168,Onyeka Okongwu,ATL,1846.45,1.1271932680507901,3.693,8.662
1630198,Isaiah Joe,OKC,1457.48,1.085378356184836,3.673,6.8
1629630,Ja Morant,MEM,1417.65,2.0746722801645774,3.569,6.427
201587,Nicolas Batum,LAC,1257.28,0.6081405264055483,3.343,5.339
1628369,Jayson Tatum,BOS,2382.02,4.832704323030624,3.325,10.061
1630162,Anthony Edwards,MIN,2608.48,4.011797801687886,3.145,10.421
1627780,Gary Payton II,GSW,871.63,1.047621937492047,3.138,3.475
201142,Kevin Durant,PHO,2084.32,2.9180350173654626,3.135,8.301
1629639,Tyler Herro,MIA,2527.05,2.8702695130834317,3.124,10.029
1628970,Miles Bridges,CHO,1877.65,1.5928636599018569,3.115,7.43
1628386,Jarrett Allen,CLE,2141.18,3.859564067423773,3.083,8.386
1627751,Jakob Pöltl,TOR,1554.97,-1.0,3.08,6.084
1630188,Jalen Smith,CHI,866.7,0.6196813219238713,3.047,3.355
1641764,Brandin Podziemski,GSW,1561.93,0.5510453114321261,2.994,5.941
1629634,Brandon Clarke,MEM,1084.37,0.5812649367693642,2.993,4.123
1629675,Naz Reid,MIN,1989.85,1.417744234408954,2.937,7.424
1629661,Cameron Johnson,BRK,1644.88,2.7573587092173293,2.869,5.995
202695,Kawhi Leonard,LAC,1118.82,2.6152976781576585,2.845,4.043
1627750,Jamal Murray,DEN,2262.7,0.6880921788867244,2.725,7.833
1630194,Paul Reed,DET,381.15,1.7986162101101386,2.711,1.313
1630169,Tyrese Haliburton,IND,2250.67,5.375118612720616,2.702,7.725
1629060,Rui Hachimura,LAL,1752.32,-0.7236553261280961,2.676,5.957
1630166,Deni Avdija,POR,1986.53,1.8823573738725883,2.648,6.682
1631260,AJ Green,MIL,1474.47,-2.0891946296330497,2.635,4.936
1629057,Robert Williams III,POR,328.43,1.745898041510775,2.624,1.095
1631096,Chet Holmgren,OKC,839.42,1.884546501991065,2.565,2.735
1629655,Daniel Gafford,DAL,1141.47,3.2424957606448466,2.496,3.619
1628392,Isaiah Hartenstein,OKC,1516.75,2.8220188990550477,2.472,4.763
1626171,Bobby Portis,MIL,1140.1,0.06047593209828697,2.465,3.57
1630552,Jalen Johnson,ATL,1163.28,1.4801900584795322,2.455,3.628
202696,Nikola Vučević,CHI,2065.07,2.3562153791979488,2.441,6.404
1630591,Jalen Suggs,ORL,919.27,0.2036043281865198,2.403,2.806
1641709,Ausar Thompson,DET,1196.93,1.3993162228178153,2.403,3.654
1627832,Fred VanVleet,HOU,1966.08,0.7653170012475898,2.401,5.997
1628380,Zach Collins,CHI,902.28,-0.13697460919193682,2.399,2.75
1626181,Norman Powell,LAC,1859.8,1.3134142700766245,2.365,5.587
1630583,Santi Aldama,MEM,1476.85,2.8127485631742326,2.277,4.272
203110,Draymond Green,GSW,1879.42,0.389130884686265,2.257,5.389
101108,Chris Paul,SAS,2144.47,0.6823257658631406,2.219,6.045
1630598,Aaron Wiggins,OKC,1613.17,0.9213445101720198,2.164,4.435
1630529,Herbert Jones,NOP,611.62,-3.0879336151886765,2.136,1.66
1627824,Guerschon Yabusele,PHI,1766.73,-1.0,2.112,4.74
1630163,LaMelo Ball,CHO,1416.77,2.797898861989954,2.108,3.794
1641744,Zach Edey,MEM,1370.13,-0.18880819403603638,2.107,3.667
1630217,Desmond Bane,MEM,2042.68,2.912680372877027,2.105,5.462
1631106,Tari Eason,HOU,1267.35,3.113175997460049,2.095,3.373
201144,Mike Conley,MIN,1705.53,1.0221532392362291,2.087,4.522
1628969,Mikal Bridges,NYK,2790.53,-0.5255056061322279,2.05,7.267
1631095,Jabari Smith Jr.,HOU,1593.45,-0.7258108921965067,1.976,4.0
1630696,Dru Smith,MIA,240.0,0.9076923076923078,1.966,0.599
1628389,Bam Adebayo,MIA,2507.22,1.830650077900964,1.964,6.255
1627736,Malik Beasley,DET,2061.63,0.6779180966074796,1.946,5.096
201935,James Harden,LAC,2562.93,4.006958896838473,1.941,6.319
1631128,Christian Braun,DEN,2442.57,0.22478505884122696,1.936,6.007
1631222,Jake LaRavia,SAC,1198.18,0.07172423518531817,1.929,2.936
1630540,Miles McBride,NYK,1429.17,-0.09498660688842875,1.904,3.457
1631217,Moussa Diabate,CHO,1094.08,-1.7914860780657194,1.89,2.627
1629006,Josh Okogie,CHO,568.93,1.0115018585954125,1.87,1.351
1629048,Goga Bitadze,ORL,1330.3,2.145342160372897,1.858,3.14
1630611,Gui Santos,GSW,643.57,-1.5676865304888037,1.842,1.506
1626172,Kevon Looney,GSW,1013.2,0.13235900962861075,1.841,2.37
1628374,Lauri Markkanen,UTA,1356.98,-0.36967577539184326,1.822,3.141
1629026,Kenrich Williams,OKC,1024.08,0.39558462796402283,1.814,2.36
203954,Joel Embiid,PHI,540.05,2.5218100137671184,1.754,1.203
1628366,Lonzo Ball,CHI,698.6,-0.012114070233325447,1.739,1.543
1629680,Matisse Thybulle,POR,300.5,3.0022197558268595,1.725,0.658
1626156,D'Angelo Russell,BRK,1354.6,-0.4561970901846948,1.709,2.941
1628396,Tony Bradley,IND,121.17,-0.016948777519637193,1.697,0.261
1629023,P.J. Washington,DAL,1739.88,-0.9079370118737697,1.683,3.72
1628378,Donovan Mitchell,CLE,2084.88,3.384546821305842,1.677,4.441
203076,Anthony Davis,DAL,1560.55,4.863536616068895,1.676,3.323
203497,Rudy Gobert,MIN,2255.55,1.7191681735985533,1.654,4.739
1629001,De'Anthony Melton,GSW,109.28,-0.9157050293119408,1.634,0.227
1630539,Kai Jones,DAL,425.05,1.8950163753876472,1.627,0.879
1630171,Isaac Okoro,CLE,965.43,-0.5672386433931309,1.596,1.957
1630178,Tyrese Maxey,PHI,1821.25,1.7717184527584022,1.558,3.605
202692,Alec Burks,MIA,783.77,0.09116913158486556,1.556,1.549
1630643,Jay Huff,MEM,668.75,2.67557251908397,1.547,1.314
1631243,Mouhamed Gueye,ATL,505.17,-0.691579284765786,1.526,0.979
201599,DeAndre Jordan,DEN,689.27,-1.1642546498742954,1.41,1.235
1631105,Jalen Duren,DET,1884.17,2.7976653868654044,1.391,3.329
1642272,Jared McCain,PHI,549.18,-0.05744443490946541,1.382,0.964
1629628,RJ Barrett,TOR,1748.67,0.47359572753559076,1.379,3.063
1627747,Caris LeVert,ATL,1402.32,0.6952346272297936,1.37,2.441
1628978,Donte DiVincenzo,MIN,1426.1,1.6240022841190278,1.322,2.395
1629638,Nickeil Alexander-Walker,MIN,1833.48,-0.4453747958134189,1.304,3.037
1630314,Brandon Williams,DAL,444.08,0.4950175060597901,1.264,0.713
1629684,Grant Williams,CHO,436.38,-1.446515911183874,1.229,0.681
1628401,Derrick White,BOS,2416.42,3.2369877105072438,1.219,3.742
1627759,Jaylen Brown,BOS,2032.17,-0.06873891584981917,1.2,3.098
1629731,Dean Wade,CLE,1171.37,0.15242589130977696,1.191,1.772
1629162,Jordan McLaughlin,SAS,263.47,-1.383750582879495,1.183,0.396
1631255,Karlo Matkovic,NOP,734.7,-1.8304510003390981,1.165,1.087
1630202,Payton Pritchard,BOS,2034.07,3.1909439715760035,1.161,3.0
203932,Aaron Gordon,DEN,1321.27,0.9757039836331874,1.158,1.944
1628975,Jevon Carter,CHI,285.2,-1.7208639705882354,1.15,0.417
202709,Cory Joseph,ORL,546.13,-0.8430953988479164,1.149,0.797
1626166,Cameron Payne,NYK,1005.5,-0.30385114668974467,1.145,1.463
201942,DeMar DeRozan,SAC,2550.13,-0.1499975927084992,1.127,3.651
1631133,Jabari Walker,POR,646.47,-0.8376662021168406,1.12,0.92
1630572,Sandro Mamukelashvili,SAS,608.52,1.6474133839582343,1.093,0.845
202710,Jimmy Butler,GSW,1608.68,4.402387280671896,1.04,2.125
1629011,Mitchell Robinson,NYK,259.57,1.725177625314354,1.007,0.332
1631116,Patrick Baldwin Jr.,LAC,89.87,-0.05721917518406572,0.984,0.112
1626158,Richaun Holmes,WAS,485.57,-1.0,0.981,0.605
1631197,Jared Rhoden,TOR,202.03,-0.7000298270033802,0.953,0.245
1631169,Josh Minott,MIN,237.05,0.9598501485596179,0.948,0.285
1641809,Drew Peterson,BOS,166.45,-0.8948017064307158,0.912,0.193
1642484,RayJ Dennis,IND,54.58,-0.5464561540717567,0.906,0.063
1641740,Jaylen Clark,MIN,473.9,-0.39233851578778656,0.903,0.544
1630256,Jae'Sean Tate,HOU,516.92,-0.7674743597432975,0.887,0.582
1631117,Walker Kessler,UTA,1597.88,1.5597089045014534,0.885,1.796
1630559,Austin Reaves,LAL,2391.45,1.7288378681461372,0.882,2.679
204001,Kristaps Porziņģis,BOS,1150.0,4.042307692307693,0.862,1.259
1630175,Cole Anthony,ORL,1095.87,-0.03243757374364897,0.859,1.196
1631157,Ryan Rollins,MIL,751.27,-0.5832159064431303,0.834,0.796
1642270,Donovan Clingan,POR,1261.33,-0.37439790835594794,0.832,1.333
1628371,Jonathan Isaac,ORL,947.0,0.46754785779398367,0.827,0.995
1630567,Scottie Barnes,TOR,1993.18,2.1620358532647748,0.821,2.079
203482,Kelly Olynyk,NOP,820.95,-0.7515181251032735,0.771,0.804
1631221,Collin Gillespie,PHO,402.02,1.5489475019021048,0.748,0.382
1630200,Tre Jones,CHI,819.37,1.1168867665203983,0.719,0.748
1631165,Keon Ellis,SAC,1763.2,1.6726322391804307,0.718,1.608
1630193,Immanuel Quickley,TOR,870.28,1.7295409103383386,0.718,0.794
1642368,N'Faly Dante,HOU,43.9,-0.23022176379577097,0.697,0.039
1641739,Toumani Camara,POR,2310.28,-0.15487180320939076,0.689,2.022
1631131,Oscar Tshiebwe,UTA,237.4,-1.2451213216313888,0.676,0.204
1629636,Darius Garland,CLE,2131.8,2.8304759400473314,0.66,1.787
1630249,Vít Krejčí,ATL,1036.87,0.48514917387750967,0.652,0.859
1642285,Cam Spencer,MEM,231.27,-0.09013297663073405,0.65,0.191
1628988,Aaron Holiday,HOU,736.18,-0.3354126701121668,0.643,0.601
1642345,Oso Ighodaro,PHO,941.05,-2.380028412996655,0.629,0.752
1628973,Jalen Brunson,NYK,2106.5,3.0141590959450477,0.619,1.656
1630527,Brandon Boston Jr.,NOP,912.7,-2.288275148207396,0.607,0.704
1629618,Jalen Pickett,DEN,594.63,-1.3992788364691189,0.602,0.455
1629723,John Konchar,MEM,496.72,1.0737629886194953,0.598,0.377
203084,Harrison Barnes,SAS,2091.43,-0.06692156346618006,0.529,1.405
203937,Kyle Anderson,MIA,895.38,1.1489292464832142,0.525,0.597
1629631,De'Andre Hunter,CLE,1461.13,0.26270729334849885,0.498,0.924
1629614,Andrew Nembhard,IND,1756.95,-2.1977424683394946,0.492,1.098
1629652,Luguentz Dort,OKC,1936.58,0.11373443625454091,0.465,1.144
1631114,Jalen Williams,OKC,2112.98,3.6685785998992477,0.463,1.243
1641715,Cam Whitmore,HOU,736.03,0.07991715856122247,0.449,0.42
1627739,Kris Dunn,LAC,1678.47,0.4687427193227124,0.417,0.889
1627884,Derrick Jones Jr.,LAC,1705.3,-0.35659462081604054,0.414,0.897
1641989,Elijah Harkless,UTA,127.55,-2.286759142496847,0.413,0.067
1630700,Dyson Daniels,ATL,2343.88,1.349631898888479,0.397,1.182
1628963,Marvin Bagley III,MEM,238.13,-1.118654686306718,0.392,0.119
203939,Dwight Powell,DAL,488.93,-0.23476750191726803,0.389,0.242
1629626,Bol Bol,PHO,419.53,0.3259248854318474,0.367,0.196
1631110,Jeremy Sochan,SAS,1221.72,-1.178129647449917,0.364,0.565
1628976,Wendell Carter Jr.,ORL,1624.57,-1.1830944961314571,0.339,0.7
1628370,Malik Monk,SAC,1908.42,-0.8145742851313144,0.329,0.798
1642050,Jackson Rowe,GSW,43.67,-0.5490266948933753,0.322,0.018
1629027,Trae Young,ATL,2473.75,0.41424487851357783,0.28,0.88
203552,Seth Curry,CHO,963.37,-1.6056917287155212,0.257,0.315
1626164,Devin Booker,PHO,2596.85,0.3235487922529443,0.249,0.821
203081,Damian Lillard,MIL,1933.35,3.6400028799769597,0.188,0.462
1629021,Moritz Wagner,ORL,503.92,-1.0,0.185,0.118
1628420,Monté Morris,PHO,530.52,-1.623664256744842,0.153,0.103
1631127,Harrison Ingram,SAS,30.67,-1.0339514031106438,0.121,0.005
201572,Brook Lopez,MIL,2394.87,0.6939042072876022,0.12,0.365
1630543,Isaiah Jackson,IND,84.38,-0.35197542452427677,0.097,0.01
1630174,Aaron Nesmith,IND,1030.73,-0.5635200257467838,0.084,0.11
203486,Mason Plumlee,PHO,1206.03,-0.6442468086989226,0.064,0.098
1631094,Paolo Banchero,ORL,1458.65,3.080393497653312,0.045,0.083
203903,Jordan Clarkson,UTA,856.0,-1.4254473161033798,0.001,0.001
1630243,Trevelin Queen,ORL,348.33,-0.5107037505267593,-0.008,-0.004
202331,Paul George,PHI,1254.98,-0.4640578513573147,-0.019,-0.03
1642276,Kel'el Ware,MIA,1337.63,-0.19074837157088795,-0.026,-0.044
1631342,Daeqwon Plowden,ATL,60.32,-0.7418790414606313,-0.027,-0.002
1629674,Neemias Queta,BOS,781.25,-0.7483221476510066,-0.068,-0.067
203935,Marcus Smart,WAS,609.73,-1.3965597685245763,-0.072,-0.056
1642259,Alexandre Sarr,WAS,1711.37,-1.0,-0.09,-0.196
202699,Tobias Harris,DET,2107.87,0.026922276304658793,-0.093,-0.249
1641729,Brice Sensabaugh,UTA,1306.3,-1.1793998489322255,-0.101,-0.168
1630538,Bones Hyland,MIN,214.07,1.161421650602159,-0.103,-0.028
1628379,Luke Kennard,MEM,1332.7,0.8875497403385717,-0.107,-0.181
1631245,Quenton Jackson,IND,327.27,-0.5200012571500409,-0.11,-0.046
1628384,OG Anunoby,NYK,2527.9,0.6047761305500577,-0.16,-0.514
203944,Julius Randle,MIN,2026.13,1.1414616773814066,-0.179,-0.461
1631097,Bennedict Mathurin,IND,2016.08,-2.7684259122470083,-0.188,-0.481
1630537,Chris Duarte,CHI,68.5,-0.3102974828375286,-0.188,-0.016
1630558,Davion Mitchell,MIA,1846.2,-2.4665397654655834,-0.19,-0.446
1642024,Alex Reese,PHI,212.53,-1.1188766753402783,-0.2,-0.054
1629632,Coby White,CHI,2235.78,-0.9062872519679099,-0.2,-0.568
1629645,Kevin Porter Jr.,MIL,1314.02,-0.6606659936819,-0.201,-0.336
203897,Zach LaVine,SAC,2342.13,0.5980029589720309,-0.204,-0.607
1631209,Isaiah Wong,CHO,229.58,-2.814479161178144,-0.206,-0.06
1630241,Sam Merrill,CLE,1284.65,0.16407834663506782,-0.211,-0.344
1630205,Lamar Stevens,MEM,143.72,-2.565790548822007,-0.214,-0.039
1630228,Jonathan Kuminga,GSW,1006.33,-0.6518883017823631,-0.221,-0.283
1630192,Zeke Nnaji,DEN,586.4,-1.238891906572515,-0.221,-0.165
1629013,Landry Shamet,NYK,696.5,-2.1519196692262255,-0.256,-0.227
204456,T.J. McConnell,IND,1285.73,0.9701517694831201,-0.271,-0.443
201950,Jrue Holiday,BOS,1771.68,0.5673036093418258,-0.274,-0.617
203484,Kentavious Caldwell-Pope,ORL,2111.72,-1.3734715172523564,-0.277,-0.743
203471,Dennis Schröder,DET,1891.98,-2.137181610024586,-0.283,-0.68
1630561,David Duke Jr.,SAS,28.17,-1.0790537127462536,-0.292,-0.01
1630590,Scotty Pippen Jr.,MEM,1528.08,1.640775171624714,-0.301,-0.584
201567,Kevin Love,MIA,244.25,-0.13265694356372854,-0.306,-0.095
1629726,Garrison Mathews,ATL,709.32,-1.4952660242982825,-0.358,-0.323
1641796,Pelle Larsson,MIA,704.93,-2.7315487817716075,-0.359,-0.321
1630215,Jared Butler,PHI,963.48,-1.0108575310541372,-0.376,-0.46
1630551,Justin Champagnie,WAS,1253.47,-0.5534389762517189,-0.396,-0.631
1630600,Isaiah Mobley,PHI,14.68,-0.49188729657517616,-0.411,-0.008
1628404,Josh Hart,NYK,2696.72,2.5997695593525174,-0.419,-1.435
1630288,Jeff Dowtin Jr.,PHI,576.32,-0.047824650291882376,-0.442,-0.324
1631230,Dominick Barlow,ATL,334.08,-1.8281606346058505,-0.447,-0.19
1628981,Bruno Fernando,TOR,137.95,-0.8562771314464317,-0.45,-0.079
1628998,Cody Martin,PHO,1035.37,-1.6078085816220016,-0.459,-0.604
1630191,Isaiah Stewart,DET,1287.98,0.43309920861208084,-0.463,-0.758
1629637,Jaxson Hayes,LAL,1023.8,-0.38945305844266487,-0.47,-0.611
1626220,Royce O'Neale,PHO,1672.22,0.009451109086718368,-0.471,-1.001
1631466,Nate Williams,HOU,128.97,-1.0,-0.486,-0.08
1641890,Tyler Smith,MIL,108.17,-0.9581012511136073,-0.486,-0.067
1631214,Alondes Williams,DET,3.23,-0.6838086536578999,-0.502,-0.002
1629111,Jock Landale,HOU,452.63,0.05152747125101631,-0.569,-0.327
1630568,Luka Garza,MIN,192.9,-1.7313210848643918,-0.581,-0.142
1642269,Devin Carter,SAC,335.77,-2.5206661588817756,-0.593,-0.253
1631107,Nikola Jović,MIA,1060.15,0.1388629508738587,-0.602,-0.811
1642352,Keshad Johnson,MIA,82.08,-0.6816959669079627,-0.603,-0.063
1626143,Jahlil Okafor,IND,3.17,-0.8240843507214206,-0.607,-0.002
1642349,Ajay Mitchell,OKC,536.4,-1.468881118881119,-0.612,-0.417
203926,Doug McDermott,SAC,296.2,-2.4604213357238907,-0.618,-0.233
1642530,Yuki Kawamura,MEM,71.55,-1.581313473256601,-0.636,-0.058
1629622,Max Strus,CLE,1189.6,1.04246043595103,-0.646,-0.976
1641763,Julian Phillips,CHI,1021.53,-2.7439246114055975,-0.663,-0.86
1630573,Sam Hauser,BOS,1417.77,-1.0,-0.664,-1.196
1630165,Killian Hayes,BRK,152.9,-0.7980851766259491,-0.704,-0.137
1641717,Cason Wallace,OKC,1749.7,0.8420803284729168,-0.707,-1.571
1630167,Obi Toppin,IND,1387.15,1.436525387893179,-0.714,-1.258
1627763,Malcolm Brogdon,WAS,533.18,-1.3902192687139554,-0.73,-0.494
1631204,Marcus Sasser,DET,729.27,-0.6682384250571496,-0.733,-0.679
1629643,Chuma Okeke,CLE,186.43,-0.5736499147410354,-0.741,-0.175
1626204,Larry Nance Jr.,ATL,403.6,1.0413294797687864,-0.744,-0.381
1631099,Keegan Murray,SAC,2408.57,-1.5648241009626471,-0.763,-2.335
1628418,Thomas Bryant,IND,890.38,0.31453610445819313,-0.782,-0.884
1626153,Delon Wright,NYK,573.93,-1.322425184450883,-0.797,-0.581
1631101,Shaedon Sharpe,POR,2072.08,-1.2797487039170505,-0.798,-2.101
1642443,Jahmir Young,CHI,27.73,-0.7659652281550667,-0.802,-0.028
1629020,Jarred Vanderbilt,LAL,511.3,-1.0,-0.811,-0.527
1629667,Jalen McDaniels,WAS,6.65,-0.7198212575805938,-0.819,-0.007
1641752,Bobi Klintman,DET,32.87,-0.6405096516651172,-0.821,-0.034
1641787,Tosan Evbuomwan,BRK,619.53,-2.771166816108534,-0.825,-0.649
1641801,Emanuel Miller,CHI,19.43,-1.0917429026736705,-0.84,-0.021
1630678,Terry Taylor,SAC,3.87,-0.8918502632092026,-0.878,-0.004
1641706,Brandon Miller,CHO,838.08,-0.1518095700752975,-0.919,-0.978
1629640,Keldon Johnson,SAS,1568.82,-1.5476384961776104,-0.919,-1.831
1642385,Cui Yongxi,BRK,8.47,-1.5879346248501296,-0.928,-0.01
200768,Kyle Lowry,PHI,616.65,-1.241303071805909,-0.937,-0.734
1630164,James Wiseman,IND,2.88,-0.9510204081632653,-0.963,-0.004
1641790,PJ Hall,DEN,59.73,-1.0854384208267773,-0.968,-0.073
202685,Jonas Valančiūnas,SAC,1371.38,0.4641034232147778,-0.996,-1.735
1628408,PJ Dozier,MIN,29.02,-0.7244218523070048,-1.003,-0.037
1641879,Yuri Collins,GSW,9.12,-0.9254901960784313,-1.018,-0.012
1630570,Trendon Watford,BRK,810.07,-2.771898924036789,-1.022,-1.052
1627741,Buddy Hield,GSW,1643.58,-1.0,-1.046,-2.184
1630560,Cam Thomas,BRK,715.28,0.07463942307692312,-1.049,-0.953
201145,Jeff Green,HOU,360.25,-0.011562959333659917,-1.052,-0.481
1642278,Tyler Kolek,NYK,278.5,-2.169894982497083,-1.066,-0.377
1642384,Isaiah Crawford,SAC,30.38,-1.5221088812506929,-1.09,-0.042
1642389,Zyon Pullin,MEM,2.12,-1.1533000262950304,-1.11,-0.003
1630201,Malachi Flynn,CHO,38.32,-1.366270178419711,-1.14,-0.055
1642346,Ryan Dunn,PHO,1321.6,-3.7840173960315298,-1.145,-1.922
1630534,Ochai Agbaji,TOR,1607.13,-0.7256099434873914,-1.148,-2.344
1629130,Duncan Robinson,MIA,1663.0,-1.6420849420849422,-1.148,-2.425
203957,Danté Exum,DAL,343.9,-1.9051832354727676,-1.163,-0.508
1626145,Tyus Jones,PHO,2020.23,0.023971191993475346,-1.167,-2.995
203914,Gary Harris,ORL,634.2,-2.3748278500382556,-1.168,-0.941
1629650,Moses Brown,DAL,111.32,-0.523534299683443,-1.185,-0.168
1627746,Skal Labissiere,SAC,5.58,-0.8888160431932125,-1.189,-0.008
1629673,Jordan Poole,WAS,1865.87,0.29582661580359837,-1.206,-2.859
1630222,Mason Jones,SAC,32.85,-0.29934372436423307,-1.208,-0.05
1627742,Brandon Ingram,NOP,553.02,-0.44935563710847487,-1.218,-0.856
1631132,Christian Koloko,LAL,305.77,-2.207595936546942,-1.234,-0.479
1642382,Branden Carlson,OKC,228.2,0.38778424114225274,-1.249,-0.362
1642377,Jaylen Wells,MEM,1891.45,-2.1118273775992558,-1.255,-3.015
201569,Eric Gordon,PHI,697.62,-1.4938203440220859,-1.263,-1.119
1641772,Nae'Qwan Tomlin,CLE,59.62,-2.2798874153229653,-1.299,-0.098
1629003,Shake Milton,LAL,767.33,-1.9944841127087432,-1.306,-1.273
1629018,Gary Trent Jr.,MIL,1701.52,-1.5513912893190462,-1.307,-2.825
1626167,Myles Turner,IND,2018.78,0.30317136823467594,-1.308,-3.354
1641815,Isaiah Stevens,MIA,4.87,-1.3396138696971656,-1.309,-0.008
1641767,Ben Sheppard,IND,1126.58,-1.88249855081546,-1.326,-1.898
1630695,Micah Potter,UTA,653.07,-3.033041951511076,-1.358,-1.127
1626168,Trey Lyles,SAC,1227.7,-0.7326631342091892,-1.367,-2.132
1630227,Daishen Nix,MIN,12.72,-1.859882005899705,-1.37,-0.022
1630231,KJ Martin,UTA,830.77,-2.8494120266049467,-1.379,-1.455
1630811,Keaton Wallace,ATL,448.03,-1.97392940153504,-1.384,-0.788
1627732,Ben Simmons,LAC,1030.07,-0.563360710517778,-1.386,-1.814
1631248,Baylor Scheierman,BOS,340.35,-1.485867237687366,-1.407,-0.608
1627749,Dejounte Murray,NOP,934.77,-1.5170331037915874,-1.416,-1.681
1631386,Taze Moore,POR,18.98,-1.3706592496153391,-1.419,-0.034
1641766,Adama Sanogo,CHI,15.08,-1.146159437848316,-1.435,-0.027
1642434,Riley Minix,SAS,6.33,-1.4373056994818654,-1.438,-0.012
1628995,Kevin Knox II,GSW,69.87,-1.0953336062218584,-1.468,-0.13
1641854,Craig Porter Jr.,CLE,454.67,0.579054690988473,-1.5,-0.866
1631098,Johnny Davis,WAS,211.5,-2.0531120331950206,-1.505,-0.404
1629056,Terence Davis,SAC,6.75,-1.473684210526316,-1.512,-0.013
203992,Bogdan Bogdanović,LAC,1211.08,-1.4546054146581662,-1.518,-2.335
1630322,Lindy Waters III,DET,706.7,-2.484678121613905,-1.544,-1.386
1628415,Dillon Brooks,HOU,2192.17,-1.3743827305447511,-1.561,-4.347
1641765,Olivier-Maxence Prosper,DAL,532.52,-1.8582488425247612,-1.562,-1.057
1631200,Kris Murray,POR,946.67,-2.7264446004723384,-1.583,-1.904
2544,LeBron James,LAL,2247.2,5.187018187885867,-1.607,-4.587
1628989,Kevin Huerter,CHI,1527.73,-1.8779715639485044,-1.632,-3.167
1641710,Anthony Black,ORL,1704.35,-1.827198209615229,-1.64,-3.551
1630183,Jaden McDaniels,MIN,2421.0,-0.058343057176196034,-1.664,-5.118
1627777,Georges Niang,ATL,1535.87,-2.1812995468218723,-1.667,-3.252
1629611,Terance Mann,ATL,1294.97,-1.268857484930483,-1.672,-2.75
1641789,Jazian Gortman,DAL,52.78,-2.3794950192326656,-1.681,-0.113
1630639,A.J. Lawson,TOR,428.85,-2.1112982637989113,-1.691,-0.921
1641871,Duop Reath,POR,408.87,-0.48787911321058564,-1.702,-0.884
1630530,Trey Murphy III,NOP,1693.23,0.6535180091469867,-1.707,-3.672
1631159,Leonard Miller,MIN,24.08,-1.373483455882353,-1.709,-0.052
1630531,Jaden Springer,UTA,313.53,-2.1684052014188913,-1.745,-0.695
202066,Garrett Temple,TOR,180.97,-2.421645466356467,-1.756,-0.404
1631218,Trayce Jackson-Davis,GSW,889.15,0.8824327575422218,-1.758,-1.986
1631123,Jamaree Bouyea,MIL,49.48,-2.091397633848005,-1.768,-0.111
1629312,Haywood Highsmith,MIA,1673.52,-1.8259673598315345,-1.777,-3.778
1630703,Scoot Henderson,POR,1556.57,-2.0945252758457023,-1.78,-3.52
1629014,Anfernee Simons,POR,2151.07,-0.15866835863315765,-1.783,-4.872
203114,Khris Middleton,WAS,777.8,0.40859857513162046,-1.867,-1.845
1630625,Dalano Banton,POR,986.13,-0.8264054289561935,-1.887,-2.364
203952,Andrew Wiggins,MIA,1720.37,0.7527170981289056,-1.891,-4.133
1628368,De'Aaron Fox,SAS,2055.2,0.2929596532733914,-1.898,-4.955
1630644,Mac McClung,ORL,9.58,-1.6003258553703472,-1.903,-0.023
203468,CJ McCollum,NOP,1684.35,-1.3672908659743235,-1.967,-4.209
1630604,E.J. Liddell,CHI,43.87,-1.7014855315417545,-1.978,-0.11
1630618,D.J. Carton,TOR,32.53,-2.799994521448529,-1.978,-0.082
1641817,Anton Watson,NYK,16.48,-1.900816914944738,-2.009,-0.042
1629750,Javonte Green,CLE,1155.0,-2.1588765235824057,-2.017,-2.959
1631306,Cole Swider,TOR,147.42,-4.120768610046399,-2.021,-0.378
1642273,Kyshawn George,WAS,1654.12,-3.842256612642174,-2.027,-4.259
1630699,MarJon Beauchamp,NYK,139.65,-2.5775968011791424,-2.032,-0.36
1630692,Jordan Goodwin,LAL,493.52,-0.8466185977125809,-2.071,-1.298
1629629,Cam Reddish,LAL,554.18,-2.3378766792581445,-2.074,-1.46
1641936,Miles Norris,BOS,32.7,-1.1610837438423647,-2.085,-0.087
1642449,Tolu Smith,DET,23.03,-2.051476622551003,-2.087,-0.061
1630631,Jose Alvarado,NOP,1249.25,-1.3571198856530282,-2.09,-3.317
1627814,Damion Lee,PHO,127.63,-2.884821525051327,-2.107,-0.342
1641734,Emoni Bates,CLE,58.42,-1.1401496977257461,-2.11,-0.157
1642439,Quincy Olivari,LAL,8.07,-1.5615866388308977,-2.122,-0.022
1631210,Jacob Toppin,ATL,63.58,-1.480020367075569,-2.126,-0.172
1631246,Vince Williams Jr.,MEM,453.28,-2.3524466251160323,-2.14,-1.232
1641842,Ronald Holland II,DET,1161.78,-1.0,-2.14,-3.158
1626192,Pat Connaughton,MIL,543.85,-2.0189594292714563,-2.18,-1.506
202704,Reggie Jackson,PHI,361.93,-3.120973570605356,-2.181,-1.003
1629098,Jack McVeigh,HOU,34.03,-2.2389338694778025,-2.186,-0.094
1631321,Sidy Cissoko,POR,97.03,-2.605255594355682,-2.208,-0.272
1628365,Markelle Fultz,SAC,161.25,-2.9168674698795183,-2.214,-0.454
1630296,Braxton Key,GSW,10.22,-1.7016602172013482,-2.219,-0.029
1642265,Rob Dillingham,MIN,491.65,-3.451928621522637,-2.228,-1.392
1641779,Jalen Bridges,PHO,24.33,-2.535191877473757,-2.23,-0.069
1630553,Keon Johnson,BRK,1816.15,-3.12453017318109,-2.258,-5.209
1630526,Jeremiah Robinson-Earl,NOP,1106.32,-2.3209055017829856,-2.259,-3.175
203994,Jusuf Nurkić,CHO,1019.52,-1.2884622178498488,-2.268,-2.937
203924,Jerami Grant,POR,1419.63,-1.5426616463752605,-2.275,-4.103
1641755,Kevin McCullar Jr.,NYK,27.1,-1.9487295313382271,-2.278,-0.078
1629004,Svi Mykhailiuk,UTA,710.67,-3.064292934574227,-2.281,-2.059
1641737,Adem Bona,PHI,829.53,-2.439671066736088,-2.293,-2.416
1631108,Max Christie,DAL,1912.55,-2.4057123790773143,-2.299,-5.586
1631216,Caleb Houstan,ORL,700.15,-1.9882726577662768,-2.31,-2.055
1642353,Cam Christie,LAC,58.0,-1.4182692307692308,-2.316,-0.171
1642280,Trentyn Flowers,LAC,24.97,-2.0417843058810083,-2.326,-0.074
1641803,Tristen Newton,MIN,12.9,-1.8710865561694292,-2.341,-0.038
1642266,Ja'Kobe Walter,TOR,1005.0,-2.7402597402597406,-2.352,-3.003
1631199,Ron Harper Jr.,DET,17.88,-2.1715511079342384,-2.353,-0.053
1629656,Quentin Grimes,PHI,1848.78,0.2961765350485257,-2.374,-5.575
1629234,Drew Eubanks,LAC,662.1,-0.732679846015345,-2.395,-2.014
1630762,Phillip Wheeler,PHI,39.47,-3.291497334670396,-2.405,-0.121
1630230,Naji Marshall,DAL,1765.08,-0.8156651419261859,-2.41,-5.404
1641757,Jordan Miller,LAC,394.65,-2.3042687964748003,-2.428,-1.217
201988,Patty Mills,LAC,289.2,-2.4370439882198727,-2.429,-0.892
1628427,Vlatko Čančar,DEN,119.78,-3.70834754244199,-2.439,-0.371
203915,Spencer Dinwiddie,DAL,1939.62,-1.5569299681281765,-2.449,-6.034
1628964,Mo Bamba,NOP,378.92,-0.9051156003580965,-2.469,-1.188
1631250,Pete Nance,MIL,128.33,-2.7935008854571026,-2.487,-0.405
1631172,Ousmane Dieng,OKC,361.68,-0.9293151969981238,-2.497,-1.147
1642502,Malevy Leons,OKC,13.65,-1.917506874427131,-2.505,-0.043
1630545,Terrence Shannon Jr.,MIN,299.57,-1.7329826278443847,-2.514,-0.957
1630311,Pat Spencer,GSW,212.62,-1.3518062986046,-2.526,-0.682
1630577,Julian Champagnie,SAS,1767.33,-1.27652986183912,-2.547,-5.718
1641707,Taylor Hendricks,UTA,70.32,-1.7979302832244008,-2.556,-0.228
1631093,Jaden Ivey,DET,798.75,-0.15810276679841895,-2.587,-2.625
1642450,Daniss Jenkins,DET,14.75,-1.984825493171472,-2.598,-0.049
203991,Clint Capela,ATL,1121.4,-1.0,-2.602,-3.707
1630208,Nick Richards,PHO,1158.17,-3.007231532024437,-2.631,-3.871
1629028,Deandre Ayton,POR,1118.0,-0.7354889589905362,-2.649,-3.762
1642277,Johnny Furphy,IND,357.68,-2.056807437756067,-2.659,-1.208
1630541,Moses Moody,GSW,1557.65,-0.9087840014054404,-2.669,-5.281
1642366,Quinten Post,GSW,642.17,-0.10828862491636891,-2.683,-2.189
1641775,Jordan Walsh,BOS,345.8,-3.0226300927793464,-2.699,-1.186
1630264,Anthony Gill,WAS,357.48,-3.4654764719791915,-2.703,-1.227
1629669,Jaylen Nowell,NOP,140.55,-3.2735673722250906,-2.725,-0.487
1642279,Ulrich Chomche,TOR,26.47,-1.959981866606222,-2.757,-0.093
1628960,Grayson Allen,PHO,1404.0,-0.3675675675675676,-2.766,-4.933
1631121,Bryce McGowens,POR,28.88,-2.775939177101968,-2.793,-0.102
1629012,Collin Sexton,UTA,1643.9,-0.6334466804169686,-2.794,-5.835
1628467,Maxi Kleber,DAL,573.08,-3.2191514078663492,-2.797,-2.036
1631223,David Roddy,HOU,371.62,-1.3619513971950425,-2.824,-1.333
1641774,Tristan Vukcevic,WAS,462.87,-0.6223750550687748,-2.832,-1.665
1630557,Corey Kispert,WAS,1444.15,-3.4459461154847415,-2.873,-5.271
1630544,Tre Mann,CHO,262.85,-1.8913406806346131,-2.885,-0.963
1631301,Jaylen Sims,CHO,102.22,-2.256371421774641,-2.897,-0.376
1641748,Andre Jackson Jr.,MIL,926.95,-3.065722642648219,-2.921,-3.44
1641723,Kobe Bufkin,ATL,108.47,-2.258985568924827,-2.926,-0.403
1626162,Kelly Oubre Jr.,PHI,1928.75,-2.20619362597715,-2.929,-7.176
1628997,Caleb Martin,DAL,1122.5,-2.910756949619493,-3.024,-4.312
1631104,Blake Wesley,SAS,576.22,-3.5390432651262707,-3.032,-2.219
1631323,Simone Fontecchio,DET,1122.05,-2.675952203136669,-3.052,-4.35
1642271,Kyle Filipowski,UTA,1421.3,-1.0,-3.057,-5.519
1629008,Michael Porter Jr.,DEN,2404.73,-0.15284315759395317,-3.062,-9.354
1630579,Jericho Sims,MIL,558.77,-2.5642573790251353,-3.068,-2.178
201949,James Johnson,IND,42.58,-2.923595388929276,-3.069,-0.166
1629651,Nic Claxton,BRK,1759.57,0.29002759783616205,-3.078,-6.88
1631212,Peyton Watson,DEN,1495.92,-1.7270924467774862,-3.097,-5.885
1641810,Antonio Reeves,NOP,595.6,-2.757403433476395,-3.099,-2.345
1642263,Reed Sheppard,HOU,595.17,-1.559092556061033,-3.16,-2.389
1629659,Talen Horton-Tucker,CHI,626.33,-2.129496477013641,-3.162,-2.516
1630658,Colin Castleton,PHI,384.88,-3.881750943098349,-3.176,-1.553
1642264,Stephon Castle,SAS,1958.05,-3.043457223500391,-3.177,-7.902
1641824,Matas Buzelis,CHI,1361.35,-2.3511264763291098,-3.188,-5.513
1631109,Mark Williams,CHO,1128.32,2.971963201702234,-3.192,-4.575
1641732,Colby Jones,WAS,457.9,-2.3744963961561125,-3.209,-1.867
1641753,Chris Livingston,MIL,89.0,-2.899163179916317,-3.213,-0.363
1630172,Patrick Williams,CHI,1442.68,-3.4457116307105013,-3.222,-5.905
1630702,Jaden Hardy,DAL,804.15,-4.118330451186921,-3.228,-3.298
1631120,JD Davison,BOS,76.53,-2.7567474506687857,-3.233,-0.314
1642347,Jamal Shead,TOR,1306.65,-3.78077437956956,-3.314,-5.501
1642261,Dalton Knecht,LAL,1365.42,-1.7208140317535736,-3.32,-5.759
1631213,Tyrese Martin,BRK,1179.58,-2.4194918696129606,-3.332,-4.993
1630528,Josh Christopher,MIA,59.88,-2.968610634648371,-3.349,-0.255
1641794,Dillon Jones,OKC,482.37,-3.2883912899093883,-3.359,-2.058
1641738,Kobe Brown,LAC,228.65,-1.6642413838637264,-3.377,-0.981
1628470,Torrey Craig,BOS,288.47,-0.9344193888447366,-3.381,-1.239
1631288,Jamal Cain,NOP,451.97,-2.80196355300098,-3.414,-1.96
1642419,Jamison Battle,TOR,919.12,-2.1176070038910506,-3.417,-3.99
1642281,Jaylon Tyson,CLE,407.58,-2.2426665231894978,-3.43,-1.776
1629646,Charles Bassey,SAS,324.92,-1.068415733176114,-3.448,-1.423
1642275,Tidjane Salaün,CHO,1081.37,-4.688374737081462,-3.482,-4.783
1642274,Yves Missi,NOP,1828.0,-2.8483316481294234,-3.517,-8.167
203995,Vasilije Micić,PHO,719.93,-5.971232277932019,-3.517,-3.216
1631303,Justin Minaya,POR,99.93,-2.759260592966031,-3.559,-0.452
1628464,Daniel Theis,NOP,587.12,-2.831962231387019,-3.601,-2.686
1641998,Trey Jemison III,LAL,335.15,-5.0185475194921825,-3.611,-1.537
203967,Dario Šarić,DEN,189.77,-3.1223945610265766,-3.619,-0.872
1641727,Dariq Whitehead,BRK,221.37,-2.60944341223039,-3.63,-1.021
1641857,Liam Robbins,MIL,49.35,-3.351768246802107,-3.644,-0.228
1642403,Isaac Jones,SAC,263.95,-1.4463461770745258,-3.648,-1.223
1629022,Lonnie Walker IV,PHI,429.03,-2.0373244909590174,-3.694,-2.013
1630649,Stanley Umude,MIL,82.15,-3.5124488477277627,-3.711,-0.387
200782,P.J. Tucker,NYK,51.85,-2.59261828090166,-3.723,-0.245
1630170,Devin Vassell,SAS,1773.93,-1.0922034585457892,-3.729,-8.403
202693,Markieff Morris,LAL,159.38,-4.403642220903194,-3.744,-0.758
202691,Klay Thompson,DAL,1874.7,-1.0,-3.757,-8.947
1631102,TyTy Washington Jr.,PHO,102.52,-3.8419135118010455,-3.768,-0.491
1630548,Johnny Juzang,UTA,1182.4,-2.153647553287301,-3.786,-5.687
1641783,Tristan da Silva,ORL,1495.18,-2.454119306094167,-3.788,-7.195
1631232,Keion Brooks Jr.,NOP,318.62,-2.6997780717852415,-3.797,-1.537
1642505,Alex Ducas,OKC,123.88,-1.4523148824302614,-3.798,-0.598
203109,Jae Crowder,SAC,84.35,-2.18777469596757,-3.81,-0.408
1630182,Josh Green,CHO,1764.88,-4.041498161764705,-3.851,-8.634
1630585,Marcus Garrett,CHO,69.3,-3.0856361149110803,-3.893,-0.343
1629610,DaQuan Jeffries,CHO,978.45,-4.20817493021401,-3.907,-4.856
1641721,Maxwell Lewis,BRK,275.9,-3.1985736985825306,-3.909,-1.37
1630592,Jalen Wilson,BRK,1810.28,-3.6780929255004384,-3.921,-9.017
1642268,Isaiah Collier,UTA,1712.18,-4.953631764920684,-3.931,-8.55
1630224,Jalen Green,HOU,2470.45,0.41413688488618366,-3.932,-12.34
201566,Russell Westbrook,DEN,1946.35,-1.0928447062751925,-3.944,-9.752
1642461,Spencer Jones,DEN,103.03,-4.053886890882504,-3.961,-0.518
1641816,Hunter Tyson,DEN,375.72,-3.7157726546450585,-3.963,-1.891
1628971,Bruce Brown,NOP,848.57,-3.377693439470938,-4.009,-4.322
1642359,Pacôme Dadiet,NYK,93.43,-3.1109353818346133,-4.042,-0.48
1630346,Matt Ryan,NYK,59.4,-2.8438395415472777,-4.072,-0.307
1642258,Zaccharie Risacher,ATL,1779.55,-3.3056541680702756,-4.078,-9.219
1642367,Jonathan Mogbo,TOR,1170.68,-1.7977799315504135,-4.11,-6.112
1630245,Ayo Dosunmu,CHI,1289.93,-1.5374969616578584,-4.118,-6.748
1631103,Malaki Branham,SAS,368.42,-2.5634504841634196,-4.186,-1.959
1631311,Lester Quinones,NOP,163.05,-3.644631743213911,-4.193,-0.868
1641711,Gradey Dick,TOR,1456.35,-2.994565318890653,-4.21,-7.789
201959,Taj Gibson,CHO,384.32,-4.092858212307232,-4.217,-2.059
1630173,Precious Achiuwa,NYK,1046.87,-1.787205795115593,-4.221,-5.613
1631247,Luke Travers,CLE,69.73,-3.760892914030856,-4.262,-0.378
1631207,Dalen Terry,CHI,875.8,-3.390563462663287,-4.287,-4.77
203501,Tim Hardaway Jr.,DET,1997.68,-2.023172912165686,-4.291,-10.889
1630283,Kylor Kelley,NOP,107.13,-2.8214663973939436,-4.358,-0.593
1629052,Oshae Brissett,PHI,125.77,-3.417162853102223,-4.365,-0.697
1642355,Bronny James,LAL,151.73,-4.117774168959002,-4.367,-0.842
1642402,Enrique Freeman,IND,157.6,-3.7154746423927176,-4.369,-0.875
1630533,Ziaire Williams,BRK,1421.53,-2.1759170998962793,-4.402,-7.949
202687,Bismack Biyombo,SAS,524.92,-3.022153736739169,-4.495,-2.997
1630574,Ariel Hukporti,NYK,197.28,-3.6131306150656526,-4.569,-1.145
1641712,Rayan Rupert,POR,387.82,-3.6680562269904433,-4.58,-2.256
1629216,Gabe Vincent,LAL,1354.3,-3.700857541713754,-4.646,-7.993
1631170,Jaime Jaquez Jr.,MIA,1254.1,-0.91068299978634,-4.785,-7.623
1630556,Kessler Edwards,DAL,569.45,-1.3166029605948988,-4.811,-3.48
1631115,Orlando Robinson,TOR,683.8,-2.9399795461579004,-4.929,-4.282
1642267,Carlton Carrington,WAS,2298.18,-1.0,-4.94,-14.422
1641724,Jett Howard,ORL,623.08,-4.465674962487712,-4.98,-3.942
203083,Andre Drummond,PHI,704.0,-2.8135831381733025,-5.0,-4.472
204060,Joe Ingles,MIN,127.47,-3.7564060979565355,-5.02,-0.813
1641730,Noah Clowney,BRK,943.62,-3.674806605585121,-5.214,-6.25
1627752,Taurean Prince,MIL,1989.38,-1.6509203601043292,-5.221,-13.194
1630550,JT Thor,WAS,235.98,-3.691171744337836,-5.254,-1.575
1626179,Terry Rozier,MIA,1517.55,-3.457128721777458,-5.26,-10.14
1631166,Drew Timme,BRK,234.28,-4.475059852191111,-5.315,-1.582
1631111,Wendell Moore Jr.,CHO,445.2,-2.2481137678582974,-5.349,-3.025
1641718,Keyonte George,UTA,1862.27,-2.573277442887883,-5.363,-12.687
203078,Bradley Beal,PHO,1591.08,-1.091384657798608,-5.387,-10.888
1641713,GG Jackson,MEM,415.68,-4.159779380568519,-5.406,-2.855
1641725,Trey Alexander,DEN,95.85,-4.391885295912141,-5.414,-0.659
1642422,Armel Traore,LAL,53.08,-3.300098483356313,-5.458,-0.368
203901,Elfrid Payton,CHO,460.4,-5.069458800234936,-5.464,-3.196
1641741,Ricky Council IV,PHI,1148.68,-3.918843749037484,-5.545,-8.091
1630623,Tyson Etienne,BRK,139.33,-4.75617461030657,-5.584,-0.988
1641736,Reece Beekman,BRK,408.85,-4.193576990366106,-5.607,-2.912
1630542,Marcus Bagley,PHI,224.62,-2.978661043190433,-5.665,-1.616
1626196,Josh Richardson,MIA,132.62,-3.6747363951595786,-5.698,-0.96
1642348,Justin Edwards,PHI,1079.05,-3.370477197835727,-5.734,-7.86
1641731,Bilal Coulibaly,WAS,1823.62,-3.4947933239428055,-5.758,-13.339
203458,Alex Len,LAL,329.72,-2.1181572145154846,-5.871,-2.459
1641716,Jarace Walker,IND,1075.68,-0.9122381045623653,-5.903,-8.066
1641722,Jordan Hawkins,NOP,1216.8,-4.9171202809482,-5.925,-9.158
202684,Tristan Thompson,CLE,313.27,-3.434373043797353,-5.93,-2.36
1641720,Jalen Hood-Schifino,PHI,267.82,-4.779014142187758,-6.004,-2.043
1629599,Amir Coffey,LAC,1543.73,-1.6380066480489806,-6.175,-12.109
1628398,Kyle Kuzma,MIL,1828.6,-4.617774372250018,-6.209,-14.423
1630214,Xavier Tillman,BOS,199.95,-5.056708101157307,-6.235,-1.584
1641878,Damion Baugh,CHO,325.2,-5.1744949494949495,-6.384,-2.637
1642358,AJ Johnson,WAS,585.07,-6.637581363281532,-6.543,-4.863
1642354,KJ Simpson,CHO,763.83,-4.677765010997669,-6.637,-6.44
1641733,Nick Smith Jr.,CHO,1289.48,-5.210239808819852,-6.837,-11.199
1641745,Adam Flagler,OKC,168.6,-5.921468926553673,-6.864,-1.47
1631124,Julian Strawther,DEN,1246.6,-4.124087068595159,-7.372,-11.674
1641798,Jaylen Martin,WAS,217.43,-4.134217982715405,-7.39,-2.041
1642262,Cody Williams,UTA,959.52,-6.448280337443219,-10.044,-12.243
