player,team,minutes,prior_bpm,waa_per100,waa_wins
Nikola Jokić,DEN,2220.0,12.39,13.84,18.16
Giannis Antetokounmpo,MIL,2025.0,8.78,12.87,15.02
Shai Gilgeous-Alexander,OKC,2329.0,10.74,12.32,17.05
Victor Wembanyama,SAS,1373.0,5.76,7.2,6.48
Luka Dončić,LAL,1601.0,6.03,7.05,5.86
Dorian Finney-Smith,LAL,1607.0,-1.01,6.72,5.61
Luke Kornet,BOS,1198.0,2.82,6.36,4.49
Zion Williamson,NOP,775.0,5.7,6.16,2.7
Karl-Anthony Towns,NYK,2323.0,3.32,6.11,8.31
Kyrie Irving,DAL,1632.0,3.03,5.99,6.12
Jaylin Williams,OKC,664.0,3.32,5.98,2.36
Pascal Siakam,IND,2272.0,1.53,5.88,7.93
Amen Thompson,HOU,1985.0,3.74,5.76,6.88
Alperen Sengun,HOU,2141.0,4.05,5.51,7.11
John Collins,UTA,1086.0,0.76,5.3,3.43
Stephen Curry,GSW,1999.0,5.79,5.05,5.72
Franz Wagner,ORL,1846.0,2.79,5.01,5.54
Cade Cunningham,DET,2165.0,3.58,4.99,6.88
Ty Jerome,CLE,1200.0,3.71,4.8,3.38
Evan Mobley,CLE,1940.0,4.2,4.71,5.35
Domantas Sabonis,SAC,2178.0,4.8,4.68,6.32
Al Horford,BOS,1506.0,1.0,4.57,4.06
Ivica Zubac,LAC,2402.0,2.86,4.51,6.02
Chris Boucher,TOR,763.0,1.76,4.2,1.87
Alex Caruso,OKC,918.0,3.3,4.14,2.26
Steven Adams,HOU,703.0,0.07,3.98,1.69
Kawhi Leonard,LAC,1095.0,2.61,3.89,2.37
Dereck Lively II,DAL,771.0,-1.0,3.88,1.87
Day'Ron Sharpe,BRK,808.0,0.6,3.84,1.8
Josh Giddey,CHI,1852.0,2.7,3.8,4.05
Ja Morant,MEM,1358.0,2.06,3.77,3.02
Jaren Jackson Jr.,MEM,1993.0,2.07,3.65,4.29
Jakob Pöltl,TOR,1490.0,-1.0,3.54,3.09
Brandon Clarke,MEM,1041.0,0.57,3.49,2.14
Nicolas Batum,LAC,1235.0,0.61,3.42,2.35
Jayson Tatum,BOS,2328.0,4.82,3.42,4.69
Miles Bridges,CHO,1802.0,1.58,3.27,3.74
Gary Payton II,GSW,837.0,1.04,3.1,1.47
Isaiah Joe,OKC,1418.0,1.08,3.09,2.6
Jamal Murray,DEN,2201.0,0.69,3.03,3.94
Onyeka Okongwu,ATL,1780.0,1.12,2.99,3.57
Tyler Herro,MIA,2468.0,2.87,2.98,5.0
Brandin Podziemski,GSW,1498.0,0.55,2.96,2.51
Tyrese Haliburton,IND,2178.0,5.36,2.94,3.8
Naz Reid,MIN,1942.0,1.41,2.91,3.37
Ausar Thompson,DET,1163.0,1.39,2.91,2.15
Nikola Vučević,CHI,2000.0,2.35,2.87,3.31
Aaron Wiggins,OKC,1551.0,0.91,2.85,2.62
Daniel Gafford,DAL,1112.0,3.23,2.84,1.98
Kevin Durant,PHO,2006.0,2.91,2.8,3.17
Jarrett Allen,CLE,2075.0,3.85,2.79,3.4
Zach Collins,CHI,866.0,-0.14,2.79,1.39
Jalen Smith,CHI,829.0,0.61,2.78,1.33
Cameron Johnson,BRK,1592.0,2.75,2.75,2.54
Chet Holmgren,OKC,839.0,1.88,2.74,1.37
Paul Reed,DET,369.0,1.77,2.69,0.63
Anthony Edwards,MIN,2537.0,4.0,2.67,4.03
Norman Powell,LAC,1824.0,1.31,2.64,2.68
Jalen Johnson,ATL,1120.0,1.47,2.55,1.92
Isaac Okoro,CLE,937.0,-0.57,2.54,1.4
Donovan Mitchell,CLE,1999.0,3.37,2.52,2.96
AJ Green,MIL,1422.0,-2.09,2.52,2.06
Bobby Portis,MIL,1101.0,0.06,2.51,1.6
Desmond Bane,MEM,1951.0,2.9,2.51,2.89
Anthony Davis,LAL,1531.0,4.85,2.46,1.96
Josh Okogie,PHO,547.0,0.99,2.43,0.75
Tari Eason,HOU,1221.0,3.1,2.38,1.75
Santi Aldama,MEM,1404.0,2.79,2.36,1.96
D'Angelo Russell,LAL,1324.0,-0.46,2.31,1.59
LaMelo Ball,CHO,1359.0,2.78,2.31,1.99
Rui Hachimura,LAL,1691.0,-0.72,2.26,1.98
Fred VanVleet,HOU,1873.0,0.76,2.23,2.52
Chris Paul,SAS,2082.0,0.68,2.23,3.04
Jalen Suggs,ORL,890.0,0.2,2.22,1.18
Goga Bitadze,ORL,1293.0,2.14,2.21,1.72
Mike Conley,MIN,1657.0,1.02,2.21,2.18
Rudy Gobert,MIN,2207.0,1.72,2.2,2.89
Matisse Thybulle,POR,282.0,2.92,2.17,0.37
Mikal Bridges,NYK,2755.0,-0.53,2.12,3.43
Draymond Green,GSW,1808.0,0.39,2.12,2.17
Isaiah Hartenstein,OKC,1483.0,2.81,2.1,1.86
Miles McBride,NYK,1397.0,-0.1,2.09,1.71
Robert Williams III,POR,300.0,1.67,2.09,0.38
Scottie Barnes,TOR,1942.0,2.16,2.08,2.37
Bam Adebayo,MIA,2447.0,1.83,2.01,3.35
Deni Avdija,POR,1915.0,1.87,1.96,2.26
Moussa Diabate,CHO,1039.0,-1.79,1.88,1.24
Dru Smith,MIA,228.0,0.87,1.85,0.29
James Harden,LAC,2505.0,4.0,1.83,2.55
Derrick White,BOS,2368.0,3.23,1.83,2.56
Lauri Markkanen,UTA,1325.0,-0.37,1.82,1.44
Herbert Jones,NOP,597.0,-3.08,1.81,0.61
Malik Beasley,DET,1970.0,0.67,1.8,2.26
Kelly Olynyk,NOP,809.0,-0.75,1.78,0.81
Zach Edey,MEM,1315.0,-0.19,1.76,1.36
Christian Braun,DEN,2368.0,0.22,1.71,2.39
Lonzo Ball,CHI,672.0,-0.02,1.68,0.65
Jalen Duren,DET,1801.0,2.78,1.66,1.91
Guerschon Yabusele,PHI,1736.0,-1.0,1.66,1.69
Kevon Looney,GSW,960.0,0.12,1.63,0.89
Jabari Smith Jr.,HOU,1521.0,-0.73,1.62,1.48
Jake LaRavia,MEM,1149.0,0.07,1.61,1.09
Brandon Williams,DAL,422.0,0.48,1.58,0.42
Sandro Mamukelashvili,SAS,592.0,1.63,1.58,0.61
Kai Jones,DAL,416.0,1.88,1.56,0.41
Kenrich Williams,OKC,981.0,0.39,1.56,0.91
Joel Embiid,PHI,513.0,2.48,1.55,0.47
Jimmy Butler,GSW,1546.0,4.38,1.52,1.33
P.J. Washington,DAL,1682.0,-0.91,1.51,1.59
Grant Williams,CHO,409.0,-1.44,1.51,0.39
Tony Bradley,IND,109.0,-0.07,1.49,0.1
Cameron Payne,NYK,990.0,-0.31,1.46,0.85
Jared McCain,PHI,532.0,-0.06,1.44,0.45
Aaron Gordon,DEN,1281.0,0.97,1.43,1.08
Alec Burks,MIA,770.0,0.09,1.42,0.74
DeAndre Jordan,DEN,676.0,-1.16,1.39,0.56
Gui Santos,GSW,625.0,-1.56,1.32,0.47
Mouhamed Gueye,ATL,481.0,-0.7,1.29,0.42
Karlo Matkovic,NOP,721.0,-1.83,1.27,0.52
Toumani Camara,POR,2228.0,-0.16,1.27,1.7
Cory Joseph,ORL,531.0,-0.84,1.25,0.4
DeMar DeRozan,SAC,2471.0,-0.15,1.24,1.89
Caris LeVert,CLE,1362.0,0.69,1.22,0.98
Harrison Barnes,SAS,2046.0,-0.07,1.22,1.64
De'Anthony Melton,GSW,109.0,-0.92,1.22,0.08
Tyrese Maxey,PHI,1790.0,1.77,1.2,1.26
Jay Huff,MEM,639.0,2.64,1.19,0.45
Dyson Daniels,ATL,2260.0,1.34,1.18,1.79
Jabari Walker,POR,635.0,-0.84,1.15,0.44
Keon Ellis,SAC,1685.0,1.66,1.1,1.15
Jordan McLaughlin,SAC,256.0,-1.38,1.09,0.17
Walker Kessler,UTA,1554.0,1.55,1.07,0.99
RayJ Dennis,IND,55.0,-0.55,1.07,0.03
Richaun Holmes,WAS,473.0,-1.0,1.05,0.31
Jaylen Brown,BOS,1994.0,-0.07,1.05,1.23
Nickeil Alexander-Walker,MIN,1773.0,-0.45,1.03,1.09
Collin Gillespie,PHO,394.0,1.54,1.02,0.23
Payton Pritchard,BOS,1985.0,3.18,1.02,1.19
Dean Wade,CLE,1119.0,0.15,1.01,0.66
Donte DiVincenzo,MIN,1381.0,1.62,0.99,0.82
Patrick Baldwin Jr.,WAS,78.0,-0.14,0.96,0.05
Donovan Clingan,POR,1222.0,-0.38,0.91,0.67
Jae'Sean Tate,HOU,496.0,-0.77,0.86,0.26
Derrick Jones Jr.,LAC,1667.0,-0.36,0.86,0.8
Mitchell Robinson,NYK,260.0,1.72,0.83,0.13
Drew Peterson,BOS,155.0,-0.9,0.82,0.08
Oso Ighodaro,PHO,918.0,-2.38,0.8,0.41
Jevon Carter,CHI,263.0,-1.7,0.77,0.12
Jared Rhoden,TOR,203.0,-0.7,0.74,0.09
Paolo Banchero,ORL,1420.0,3.07,0.74,0.63
Luguentz Dort,OKC,1889.0,0.11,0.73,0.82
RJ Barrett,TOR,1674.0,0.47,0.69,0.67
Ryan Rollins,MIL,738.0,-0.58,0.65,0.28
Jaylen Clark,MIN,451.0,-0.4,0.63,0.17
Jonathan Isaac,ORL,932.0,0.46,0.63,0.35
Austin Reaves,LAL,2308.0,1.72,0.59,0.7
Immanuel Quickley,TOR,867.0,1.73,0.55,0.28
Andrew Nembhard,IND,1688.0,-2.19,0.54,0.55
Tre Jones,CHI,801.0,1.11,0.49,0.23
Jalen Brunson,NYK,2065.0,3.01,0.49,0.59
Jackson Rowe,GSW,43.0,-0.56,0.49,0.01
John Konchar,MEM,485.0,1.06,0.49,0.14
Brandon Boston Jr.,NOP,913.0,-2.29,0.45,0.23
Luke Kennard,MEM,1282.0,0.88,0.44,0.33
Josh Minott,MIN,229.0,0.93,0.42,0.06
Trae Young,ATL,2383.0,0.41,0.42,0.67
Elijah Harkless,UTA,118.0,-2.23,0.42,0.03
Devin Booker,PHO,2538.0,0.32,0.42,0.6
N'Faly Dante,HOU,46.0,-0.21,0.4,0.01
Vít Krejčí,ATL,1008.0,0.48,0.36,0.24
Kristaps Porziņģis,BOS,1132.0,4.03,0.35,0.23
Isaiah Jackson,IND,83.0,-0.36,0.34,0.02
Daeqwon Plowden,ATL,59.0,-0.75,0.34,0.01
Cole Anthony,ORL,1070.0,-0.04,0.34,0.22
Jalen Pickett,DEN,572.0,-1.4,0.33,0.11
Kentavious Caldwell-Pope,ORL,2062.0,-1.37,0.33,0.41
Marvin Bagley III,WAS,223.0,-1.12,0.33,0.05
Oscar Tshiebwe,UTA,239.0,-1.25,0.32,0.05
Brook Lopez,MIL,2310.0,0.69,0.31,0.41
Aaron Nesmith,IND,986.0,-0.57,0.28,0.17
Sam Merrill,CLE,1229.0,0.16,0.28,0.2
Darius Garland,CLE,2073.0,2.82,0.28,0.34
Cam Spencer,MEM,229.0,-0.09,0.23,0.03
Aaron Holiday,HOU,711.0,-0.34,0.22,0.1
Damian Lillard,MIL,1864.0,3.63,0.22,0.24
Kris Dunn,LAC,1658.0,0.47,0.2,0.18
Malik Monk,SAC,1824.0,-0.82,0.19,0.22
Cam Whitmore,HOU,712.0,0.07,0.17,0.07
Paul George,PHI,1226.0,-0.47,0.13,0.1
Dwight Powell,DAL,473.0,-0.24,0.13,0.04
Harrison Ingram,SAS,31.0,-1.03,0.12,0.0
Alexandre Sarr,WAS,1667.0,-1.0,0.1,0.1
Seth Curry,CHO,934.0,-1.6,0.07,0.04
Mason Plumlee,PHO,1169.0,-0.65,0.05,0.03
Kyle Anderson,GSW,884.0,1.15,0.03,0.02
Jalen Williams,OKC,2053.0,3.66,0.02,0.02
Isaiah Wong,CHO,217.0,-2.77,0.02,0.0
Alex Reese,PHI,209.0,-1.12,-0.0,-0.0
Kevin Porter Jr.,LAC,1292.0,-0.66,-0.01,-0.01
Kel'el Ware,MIA,1317.0,-0.19,-0.02,-0.02
Jrue Holiday,BOS,1735.0,0.56,-0.03,-0.04
Monté Morris,PHO,507.0,-1.62,-0.04,-0.01
OG Anunoby,NYK,2477.0,0.6,-0.04,-0.06
Tobias Harris,DET,2028.0,0.02,-0.05,-0.07
De'Andre Hunter,ATL,1437.0,0.26,-0.05,-0.05
Bol Bol,PHO,402.0,0.31,-0.09,-0.02
Trevelin Queen,ORL,350.0,-0.51,-0.09,-0.02
Neemias Queta,BOS,766.0,-0.75,-0.1,-0.04
Jordan Clarkson,UTA,843.0,-1.42,-0.11,-0.05
Pelle Larsson,MIA,686.0,-2.72,-0.12,-0.06
Wendell Carter Jr.,ORL,1592.0,-1.18,-0.15,-0.14
Jared Butler,PHI,938.0,-1.01,-0.15,-0.08
Dennis Schröder,BRK,1837.0,-2.13,-0.17,-0.19
Royce O'Neale,PHO,1619.0,0.01,-0.19,-0.17
Jonathan Kuminga,GSW,960.0,-0.65,-0.2,-0.11
Julius Randle,MIN,1980.0,1.14,-0.22,-0.26
Dominick Barlow,ATL,322.0,-1.82,-0.23,-0.05
Lamar Stevens,MEM,140.0,-2.54,-0.24,-0.02
Max Strus,CLE,1146.0,1.03,-0.29,-0.19
David Duke Jr.,SAS,28.0,-1.08,-0.29,-0.01
Chris Duarte,CHI,55.0,-0.41,-0.29,-0.01
Chuma Okeke,PHI,182.0,-0.58,-0.29,-0.03
Brice Sensabaugh,UTA,1280.0,-1.18,-0.31,-0.24
Davion Mitchell,TOR,1775.0,-2.46,-0.34,-0.36
Justin Champagnie,WAS,1214.0,-0.55,-0.35,-0.26
Bones Hyland,LAC,204.0,1.12,-0.36,-0.04
Bennedict Mathurin,IND,1953.0,-2.76,-0.36,-0.42
Nate Williams,HOU,127.0,-1.0,-0.41,-0.03
Ajay Mitchell,OKC,515.0,-1.46,-0.42,-0.13
Malcolm Brogdon,WAS,520.0,-1.39,-0.43,-0.14
Jock Landale,HOU,443.0,0.05,-0.43,-0.11
Landry Shamet,NYK,693.0,-2.15,-0.44,-0.18
Coby White,CHI,2161.0,-0.91,-0.45,-0.56
Jarred Vanderbilt,LAL,487.0,-1.0,-0.46,-0.12
Kevin Love,MIA,226.0,-0.16,-0.47,-0.07
Isaiah Stewart,DET,1250.0,0.43,-0.49,-0.39
Jeremy Sochan,SAS,1200.0,-1.18,-0.49,-0.39
Larry Nance Jr.,ATL,399.0,1.04,-0.5,-0.13
T.J. McConnell,IND,1246.0,0.96,-0.5,-0.37
Isaiah Mobley,PHI,15.0,-0.49,-0.5,-0.0
Alondes Williams,DET,3.0,-0.68,-0.5,-0.0
Moritz Wagner,ORL,492.0,-1.0,-0.51,-0.15
Eric Gordon,PHI,691.0,-1.49,-0.51,-0.21
Kyle Lowry,PHI,590.0,-1.24,-0.52,-0.18
Cody Martin,CHO,961.0,-1.6,-0.52,-0.32
Nikola Jović,MIA,1051.0,0.14,-0.53,-0.38
Keshad Johnson,MIA,81.0,-0.69,-0.55,-0.03
Scotty Pippen Jr.,MEM,1480.0,1.63,-0.55,-0.48
Delon Wright,MIL,561.0,-1.32,-0.56,-0.18
Yuki Kawamura,MEM,70.0,-1.57,-0.6,-0.02
Garrison Mathews,ATL,694.0,-1.49,-0.61,-0.28
Jahlil Okafor,IND,3.0,-0.82,-0.61,-0.0
Bruno Fernando,TOR,124.0,-0.86,-0.62,-0.05
Sam Hauser,BOS,1389.0,-1.0,-0.66,-0.54
Killian Hayes,BRK,144.0,-0.8,-0.66,-0.06
Obi Toppin,IND,1364.0,1.43,-0.68,-0.55
Keldon Johnson,SAS,1533.0,-1.55,-0.7,-0.7
Tyler Smith,MIL,106.0,-0.96,-0.7,-0.04
Keegan Murray,SAC,2337.0,-1.56,-0.71,-1.02
Jaxson Hayes,LAL,999.0,-0.39,-0.73,-0.38
Josh Hart,NYK,2644.0,2.6,-0.75,-1.17
Bobi Klintman,DET,30.0,-0.66,-0.76,-0.01
Ryan Dunn,PHO,1281.0,-3.78,-0.79,-0.57
Cui Yongxi,BRK,6.0,-1.46,-0.79,-0.0
Jahmir Young,CHI,26.0,-0.78,-0.8,-0.01
Buddy Hield,GSW,1595.0,-1.0,-0.81,-0.73
Jalen McDaniels,WAS,7.0,-0.72,-0.82,-0.0
Luka Garza,MIN,181.0,-1.71,-0.82,-0.09
Marcus Smart,MEM,572.0,-1.39,-0.82,-0.28
Trendon Watford,BRK,793.0,-2.77,-0.82,-0.38
Devin Carter,SAC,327.0,-2.51,-0.84,-0.17
Emanuel Miller,CHI,18.0,-1.09,-0.84,-0.01
Zeke Nnaji,DEN,572.0,-1.24,-0.86,-0.29
Tyus Jones,PHO,1981.0,0.02,-0.86,-0.96
Terry Taylor,SAC,4.0,-0.89,-0.88,-0.0
Thomas Bryant,IND,848.0,0.31,-0.89,-0.45
Isaiah Crawford,SAC,27.0,-1.47,-0.93,-0.02
Myles Turner,IND,1938.0,0.3,-0.93,-1.07
Ochai Agbaji,TOR,1551.0,-0.73,-0.94,-0.86
Duncan Robinson,MIA,1626.0,-1.64,-0.96,-1.06
PJ Hall,DEN,60.0,-1.09,-0.96,-0.03
James Wiseman,IND,3.0,-0.95,-0.96,-0.0
Cason Wallace,OKC,1689.0,0.84,-0.99,-1.0
PJ Dozier,MIN,25.0,-0.75,-1.02,-0.02
Julian Phillips,CHI,970.0,-2.73,-1.02,-0.57
Yuri Collins,GSW,9.0,-0.93,-1.02,-0.01
Zach LaVine,CHI,2278.0,0.6,-1.04,-1.36
Christian Koloko,LAL,294.0,-2.19,-1.06,-0.16
Mason Jones,SAC,33.0,-0.3,-1.09,-0.02
Zyon Pullin,MEM,2.0,-1.15,-1.11,-0.0
Tosan Evbuomwan,BRK,608.0,-2.76,-1.11,-0.39
Malachi Flynn,CHO,38.0,-1.37,-1.12,-0.03
Brandon Miller,CHO,778.0,-0.16,-1.12,-0.55
Jeff Dowtin Jr.,PHI,569.0,-0.05,-1.13,-0.38
Marcus Sasser,DET,677.0,-0.67,-1.14,-0.49
Brandon Ingram,NOP,545.0,-0.45,-1.16,-0.36
Quenton Jackson,IND,318.0,-0.52,-1.17,-0.22
Kevin Huerter,SAC,1503.0,-1.88,-1.18,-1.09
Jaden Springer,UTA,300.0,-2.15,-1.18,-0.21
Skal Labissiere,SAC,6.0,-0.89,-1.19,-0.0
Isaiah Stevens,MIA,3.0,-1.23,-1.2,-0.0
Daishen Nix,MIN,11.0,-1.73,-1.24,-0.01
Jeff Green,HOU,355.0,-0.02,-1.25,-0.27
Garrett Temple,TOR,171.0,-2.39,-1.26,-0.13
Gary Harris,ORL,618.0,-2.37,-1.26,-0.47
Cam Thomas,BRK,690.0,0.07,-1.28,-0.51
Ben Simmons,BRK,992.0,-0.57,-1.3,-0.75
Jazian Gortman,DAL,45.0,-2.22,-1.34,-0.04
Shaedon Sharpe,POR,2005.0,-1.28,-1.37,-1.65
Doug McDermott,SAC,284.0,-2.44,-1.37,-0.24
Jordan Poole,WAS,1815.0,0.29,-1.4,-1.58
Taze Moore,POR,19.0,-1.37,-1.41,-0.02
Micah Potter,UTA,654.0,-3.03,-1.44,-0.56
Riley Minix,SAS,6.0,-1.44,-1.44,-0.01
Kevin Knox II,GSW,70.0,-1.1,-1.44,-0.06
Adama Sanogo,CHI,15.0,-1.14,-1.46,-0.01
Gary Trent Jr.,MIL,1642.0,-1.55,-1.46,-1.38
CJ McCollum,NOP,1641.0,-1.37,-1.47,-1.36
Tyler Kolek,NYK,265.0,-2.15,-1.49,-0.23
LeBron James,LAL,2172.0,5.17,-1.49,-1.68
Terence Davis,SAC,7.0,-1.47,-1.5,-0.01
Lindy Waters III,GSW,687.0,-2.48,-1.51,-0.59
Jaden McDaniels,MIN,2355.0,-0.06,-1.51,-2.12
Scoot Henderson,POR,1513.0,-2.09,-1.52,-1.38
Danté Exum,DAL,343.0,-1.9,-1.56,-0.33
Haywood Highsmith,MIA,1632.0,-1.82,-1.56,-1.74
Johnny Davis,WAS,187.0,-2.0,-1.57,-0.18
Kris Murray,POR,915.0,-2.72,-1.57,-0.86
Trayce Jackson-Davis,GSW,858.0,0.87,-1.58,-0.77
Nae'Qwan Tomlin,CLE,60.0,-2.28,-1.58,-0.06
Trey Lyles,SAC,1189.0,-0.73,-1.6,-1.18
Branden Carlson,OKC,212.0,0.35,-1.61,-0.2
Trey Murphy III,NOP,1662.0,0.65,-1.61,-1.51
Khris Middleton,MIL,748.0,0.4,-1.62,-0.7
Moses Brown,DAL,104.0,-0.54,-1.62,-0.11
Baylor Scheierman,BOS,332.0,-1.48,-1.64,-0.32
Dejounte Murray,NOP,913.0,-1.52,-1.66,-0.86
Leonard Miller,MIN,23.0,-1.35,-1.67,-0.02
Kyshawn George,WAS,1620.0,-3.84,-1.67,-1.69
A.J. Lawson,TOR,420.0,-2.11,-1.68,-0.41
Jaylen Wells,MEM,1844.0,-2.11,-1.69,-1.84
Jonas Valančiūnas,WAS,1338.0,0.46,-1.69,-1.41
Anthony Black,ORL,1663.0,-1.83,-1.7,-1.7
KJ Martin,PHI,810.0,-2.84,-1.7,-0.81
Shake Milton,BRK,741.0,-1.99,-1.73,-0.74
Naji Marshall,DAL,1707.0,-0.82,-1.74,-1.85
Andrew Wiggins,GSW,1678.0,0.75,-1.75,-1.66
Ja'Kobe Walter,TOR,980.0,-2.73,-1.77,-1.02
Javonte Green,NOP,1140.0,-2.16,-1.78,-1.15
Anfernee Simons,POR,2076.0,-0.16,-1.8,-2.24
Dillon Brooks,HOU,2091.0,-1.37,-1.81,-2.29
Bogdan Bogdanović,LAC,1174.0,-1.45,-1.82,-1.19
Jusuf Nurkić,PHO,985.0,-1.29,-1.83,-1.01
Ronald Holland II,DET,1130.0,-1.0,-1.84,-1.32
Ben Sheppard,IND,1086.0,-1.88,-1.84,-1.19
Olivier-Maxence Prosper,DAL,515.0,-1.85,-1.84,-0.6
Georges Niang,CLE,1486.0,-2.18,-1.85,-1.61
Vince Williams Jr.,MEM,436.0,-2.34,-1.85,-0.48
Jordan Goodwin,LAL,481.0,-0.85,-1.85,-0.46
E.J. Liddell,CHI,37.0,-1.61,-1.88,-0.04
Mac McClung,ORL,10.0,-1.6,-1.9,-0.01
Duop Reath,POR,402.0,-0.49,-1.9,-0.46
Keaton Wallace,ATL,441.0,-1.97,-1.91,-0.56
D.J. Carton,TOR,30.0,-2.66,-1.92,-0.03
Craig Porter Jr.,CLE,453.0,0.58,-1.94,-0.51
Quinten Post,GSW,619.0,-0.11,-1.95,-0.68
Terance Mann,LAC,1272.0,-1.27,-1.95,-1.38
MarJon Beauchamp,MIL,134.0,-2.55,-1.96,-0.15
Drew Eubanks,UTA,640.0,-0.73,-1.97,-0.75
Damion Lee,PHO,113.0,-2.76,-1.99,-0.13
Jamaree Bouyea,MIL,49.0,-2.09,-1.99,-0.06
Tolu Smith,DET,23.0,-2.05,-2.0,-0.03
Anton Watson,NYK,16.0,-1.9,-2.01,-0.02
De'Aaron Fox,SAC,2006.0,0.29,-2.04,-2.53
Julian Champagnie,SAS,1712.0,-1.28,-2.04,-2.29
Markelle Fultz,SAC,157.0,-2.89,-2.06,-0.2
Miles Norris,BOS,33.0,-1.16,-2.07,-0.04
Jacob Toppin,NYK,54.0,-1.42,-2.08,-0.07
Jose Alvarado,NOP,1230.0,-1.36,-2.08,-1.45
Cole Swider,TOR,147.0,-4.12,-2.1,-0.18
Mo Bamba,LAC,366.0,-0.91,-2.11,-0.43
Johnny Furphy,IND,340.0,-2.04,-2.11,-0.43
Adem Bona,PHI,820.0,-2.44,-2.11,-1.01
Sidy Cissoko,POR,94.0,-2.58,-2.12,-0.12
Quincy Olivari,LAL,8.0,-1.56,-2.13,-0.01
Jack McVeigh,HOU,34.0,-2.24,-2.17,-0.04
Collin Sexton,UTA,1607.0,-0.63,-2.21,-2.11
Patty Mills,UTA,275.0,-2.41,-2.21,-0.36
Maxi Kleber,DAL,553.0,-3.2,-2.21,-0.76
Braxton Key,GSW,10.0,-1.7,-2.22,-0.01
Tristen Newton,MIN,11.0,-1.76,-2.22,-0.01
Jerami Grant,POR,1375.0,-1.54,-2.24,-1.85
Jalen Bridges,PHO,24.0,-2.54,-2.24,-0.03
Ron Harper Jr.,DET,18.0,-2.17,-2.27,-0.03
Kevin McCullar Jr.,NYK,27.0,-1.95,-2.27,-0.04
Emoni Bates,CLE,58.0,-1.14,-2.29,-0.08
Malevy Leons,OKC,10.0,-1.7,-2.29,-0.01
Max Christie,LAL,1864.0,-2.4,-2.32,-2.25
Talen Horton-Tucker,CHI,601.0,-2.12,-2.32,-0.8
Svi Mykhailiuk,UTA,690.0,-3.05,-2.33,-0.96
Jaden Ivey,DET,789.0,-0.16,-2.33,-1.17
Terrence Shannon Jr.,MIN,275.0,-1.71,-2.33,-0.38
Trentyn Flowers,LAC,25.0,-2.04,-2.33,-0.03
Cam Christie,LAC,58.0,-1.42,-2.35,-0.08
Jordan Miller,LAC,387.0,-2.3,-2.36,-0.51
Corey Kispert,WAS,1415.0,-3.44,-2.39,-2.1
Phillip Wheeler,PHI,39.0,-3.29,-2.4,-0.06
Reggie Jackson,PHI,355.0,-3.11,-2.43,-0.5
Taylor Hendricks,UTA,67.0,-1.77,-2.46,-0.1
Blake Wesley,SAS,551.0,-3.52,-2.46,-0.89
Daniss Jenkins,DET,15.0,-1.98,-2.47,-0.02
Ousmane Dieng,OKC,353.0,-0.93,-2.47,-0.52
Pat Spencer,GSW,204.0,-1.35,-2.48,-0.29
Bryce McGowens,POR,23.0,-2.47,-2.5,-0.03
Moses Moody,GSW,1505.0,-0.91,-2.5,-2.14
Pete Nance,MIL,128.0,-2.79,-2.51,-0.19
Cam Reddish,LAL,530.0,-2.33,-2.52,-0.69
Tre Mann,CHO,255.0,-1.88,-2.52,-0.41
David Roddy,ATL,362.0,-1.36,-2.52,-0.61
James Johnson,IND,28.0,-2.36,-2.53,-0.04
Quentin Grimes,DAL,1794.0,0.29,-2.57,-2.88
Dalano Banton,POR,947.0,-0.83,-2.57,-1.46
Grayson Allen,PHO,1359.0,-0.37,-2.62,-2.0
Patrick Williams,CHI,1404.0,-3.44,-2.62,-2.12
Caleb Houstan,ORL,685.0,-1.98,-2.63,-1.08
Nic Claxton,BRK,1694.0,0.29,-2.64,-2.59
Anthony Gill,WAS,332.0,-3.41,-2.66,-0.55
Vlatko Čančar,DEN,113.0,-3.62,-2.67,-0.18
Kyle Filipowski,UTA,1388.0,-1.0,-2.67,-2.21
Keon Johnson,BRK,1757.0,-3.12,-2.68,-2.73
Jaylen Sims,CHO,101.0,-2.25,-2.71,-0.17
Andre Jackson Jr.,MIL,908.0,-3.06,-2.73,-1.43
Pat Connaughton,MIL,534.0,-2.01,-2.77,-0.85
Jaylen Nowell,NOP,141.0,-3.27,-2.8,-0.22
Clint Capela,ATL,1075.0,-1.0,-2.83,-2.04
Deandre Ayton,POR,1075.0,-0.74,-2.86,-1.84
Ulrich Chomche,TOR,26.0,-1.96,-2.87,-0.04
Jordan Walsh,BOS,332.0,-3.0,-2.89,-0.57
Colin Castleton,TOR,375.0,-3.86,-2.91,-0.64
Rob Dillingham,MIN,457.0,-3.41,-2.92,-0.8
Jalen Wilson,BRK,1761.0,-3.67,-2.93,-2.99
Torrey Craig,BOS,284.0,-0.93,-2.95,-0.49
Jaden Hardy,DAL,793.0,-4.11,-2.96,-1.47
Mark Williams,CHO,1097.0,2.96,-2.97,-2.07
Jamal Cain,NOP,442.0,-2.79,-2.98,-0.75
Kobe Bufkin,ATL,104.0,-2.23,-3.01,-0.21
Caleb Martin,PHI,1091.0,-2.9,-3.01,-1.93
Tristan Vukcevic,WAS,454.0,-0.62,-3.04,-0.86
Michael Porter Jr.,DEN,2334.0,-0.15,-3.05,-4.21
Klay Thompson,DAL,1838.0,-1.0,-3.1,-3.57
Colby Jones,WAS,458.0,-2.37,-3.12,-0.89
Antonio Reeves,NOP,585.0,-2.75,-3.13,-1.04
Jeremiah Robinson-Earl,NOP,1099.0,-2.32,-3.15,-1.96
Kelly Oubre Jr.,PHI,1892.0,-2.2,-3.15,-3.49
Jericho Sims,NYK,518.0,-2.54,-3.17,-0.96
Justin Minaya,POR,94.0,-2.69,-3.2,-0.18
Nick Richards,PHO,1127.0,-3.0,-3.25,-2.06
Peyton Watson,DEN,1470.0,-1.73,-3.25,-2.83
JD Davison,BOS,72.0,-2.68,-3.26,-0.14
Reed Sheppard,HOU,591.0,-1.56,-3.28,-1.17
Devin Vassell,SAS,1736.0,-1.09,-3.3,-3.76
Matas Buzelis,CHI,1307.0,-2.35,-3.31,-2.49
Spencer Dinwiddie,DAL,1900.0,-1.56,-3.34,-3.97
Josh Christopher,MIA,58.0,-2.93,-3.34,-0.13
Johnny Juzang,UTA,1148.0,-2.15,-3.34,-2.28
Tyrese Martin,BRK,1156.0,-2.42,-3.36,-2.25
Daniel Theis,NOP,572.0,-2.82,-3.38,-1.1
Tidjane Salaün,CHO,1046.0,-4.67,-3.4,-2.26
Trey Jemison III,LAL,332.0,-5.01,-3.4,-0.59
Josh Green,CHO,1704.0,-4.03,-3.41,-3.69
Jamison Battle,TOR,902.0,-2.11,-3.43,-1.81
Charles Bassey,SAS,307.0,-1.07,-3.45,-0.7
Chris Livingston,MIL,89.0,-2.9,-3.47,-0.18
Markieff Morris,LAL,139.0,-4.17,-3.49,-0.25
Dalton Knecht,LAL,1318.0,-1.72,-3.49,-2.39
Kobe Brown,LAC,210.0,-1.64,-3.51,-0.41
Vasilije Micić,CHO,678.0,-5.92,-3.53,-1.52
Dario Šarić,DEN,190.0,-3.12,-3.53,-0.4
Liam Robbins,MIL,46.0,-3.24,-3.54,-0.09
Jaylon Tyson,CLE,402.0,-2.24,-3.58,-0.84
Simone Fontecchio,DET,1100.0,-2.67,-3.67,-2.58
Keion Brooks Jr.,NOP,309.0,-2.68,-3.68,-0.64
Zaccharie Risacher,ATL,1729.0,-3.3,-3.69,-4.27
Tristan da Silva,ORL,1467.0,-2.45,-3.71,-3.26
P.J. Tucker,NYK,53.0,-2.63,-3.74,-0.12
Jae Crowder,SAC,80.0,-2.15,-3.74,-0.19
Stanley Umude,MIL,77.0,-3.41,-3.75,-0.17
TyTy Washington Jr.,PHO,99.0,-3.78,-3.77,-0.21
Alex Ducas,OKC,113.0,-1.43,-3.78,-0.25
Marcus Garrett,CHO,65.0,-3.0,-3.79,-0.16
Maxwell Lewis,BRK,263.0,-3.16,-3.8,-0.58
Yves Missi,NOP,1798.0,-2.85,-3.81,-3.88
Ayo Dosunmu,CHI,1211.0,-1.53,-3.83,-2.67
Dariq Whitehead,BRK,214.0,-2.59,-3.84,-0.48
Dillon Jones,OKC,463.0,-3.27,-3.92,-1.08
Bruce Brown,NOP,825.0,-3.37,-3.93,-1.84
Lester Quinones,NOP,158.0,-3.61,-3.93,-0.35
Ziaire Williams,BRK,1366.0,-2.17,-3.95,-3.13
Matt Ryan,NYK,55.0,-2.75,-3.96,-0.13
Oshae Brissett,PHI,115.0,-3.3,-3.97,-0.27
Jalen Green,HOU,2362.0,0.41,-3.99,-5.67
Precious Achiuwa,NYK,1046.0,-1.79,-4.0,-2.45
Hunter Tyson,DEN,363.0,-3.69,-4.0,-0.86
Bismack Biyombo,SAS,498.0,-3.0,-4.05,-1.32
Enrique Freeman,IND,150.0,-3.65,-4.06,-0.36
Jamal Shead,TOR,1251.0,-3.77,-4.08,-2.99
Stephon Castle,SAS,1929.0,-3.04,-4.12,-5.21
Spencer Jones,DEN,102.0,-4.04,-4.19,-0.25
Jonathan Mogbo,TOR,1135.0,-1.79,-4.19,-2.79
Lonnie Walker IV,PHI,425.0,-2.03,-4.2,-1.05
Taj Gibson,CHO,352.0,-4.01,-4.23,-0.94
Pacôme Dadiet,NYK,88.0,-3.03,-4.25,-0.22
Isaac Jones,SAC,241.0,-1.43,-4.27,-0.64
Russell Westbrook,DEN,1893.0,-1.09,-4.29,-4.8
Luke Travers,CLE,71.0,-3.81,-4.35,-0.18
Kylor Kelley,DAL,107.0,-2.82,-4.36,-0.29
Jaime Jaquez Jr.,MIA,1231.0,-0.91,-4.39,-3.68
Joe Ingles,MIN,112.0,-3.57,-4.48,-0.3
DaQuan Jeffries,CHO,946.0,-4.19,-4.49,-2.7
Orlando Robinson,TOR,665.0,-2.93,-4.53,-1.76
Ariel Hukporti,NYK,185.0,-3.54,-4.57,-0.49
Malaki Branham,SAS,360.0,-2.55,-4.63,-1.09
Isaiah Collier,UTA,1685.0,-4.95,-4.67,-4.67
Bronny James,LAL,142.0,-4.01,-4.68,-0.34
Tim Hardaway Jr.,DET,1933.0,-2.02,-4.69,-5.78
Wendell Moore Jr.,CHO,428.0,-2.24,-4.73,-1.29
Gabe Vincent,LAL,1320.0,-3.69,-4.78,-3.28
Rayan Rupert,POR,371.0,-3.64,-4.8,-1.07
Dalen Terry,CHI,852.0,-3.38,-4.8,-2.35
Noah Clowney,BRK,914.0,-3.66,-4.84,-2.57
Andre Drummond,PHI,692.0,-2.81,-4.88,-1.98
Bradley Beal,PHO,1549.0,-1.09,-5.06,-4.42
Carlton Carrington,WAS,2249.0,-1.0,-5.14,-7.2
Kessler Edwards,DAL,555.0,-1.31,-5.16,-1.79
Gradey Dick,TOR,1421.0,-2.99,-5.2,-4.33
Taurean Prince,MIL,1937.0,-1.65,-5.21,-5.82
Drew Timme,BRK,232.0,-4.46,-5.22,-0.7
Terry Rozier,MIA,1467.0,-3.45,-5.25,-5.23
JT Thor,WAS,233.0,-3.68,-5.32,-0.77
Trey Alexander,DEN,95.0,-4.37,-5.36,-0.3
Xavier Tillman,BOS,192.0,-4.98,-5.42,-0.61
Kyle Kuzma,MIL,1775.0,-4.61,-5.44,-5.57
Jett Howard,ORL,592.0,-4.43,-5.51,-1.96
Josh Richardson,MIA,134.0,-3.69,-5.54,-0.51
Marcus Bagley,PHI,222.0,-2.97,-5.54,-0.72
Armel Traore,LAL,53.0,-3.3,-5.59,-0.15
GG Jackson,MEM,402.0,-4.13,-5.6,-1.33
Tristan Thompson,CLE,283.0,-3.35,-5.69,-0.94
Jarace Walker,IND,1047.0,-0.91,-5.69,-3.53
Justin Edwards,PHI,1071.0,-3.37,-5.7,-3.58
Elfrid Payton,NOP,457.0,-5.06,-5.74,-1.48
Keyonte George,UTA,1819.0,-2.57,-5.76,-6.23
Reece Beekman,BRK,400.0,-4.17,-5.77,-1.34
Tyson Etienne,BRK,135.0,-4.7,-5.81,-0.46
Ricky Council IV,PHI,1131.0,-3.91,-5.83,-3.87
Amir Coffey,LAC,1495.0,-1.64,-5.86,-4.87
Bilal Coulibaly,WAS,1765.0,-3.49,-5.94,-6.53
Alex Len,SAC,324.0,-2.11,-5.96,-1.2
Jalen Hood-Schifino,PHI,259.0,-4.73,-6.01,-0.91
Damion Baugh,CHO,320.0,-5.15,-6.28,-1.28
AJ Johnson,WAS,578.0,-6.62,-6.31,-2.27
Jordan Hawkins,NOP,1200.0,-4.91,-6.45,-4.38
Adam Flagler,OKC,169.0,-5.93,-6.81,-0.68
KJ Simpson,CHO,742.0,-4.66,-6.92,-3.26
Nick Smith Jr.,CHO,1248.0,-5.2,-6.98,-5.53
Julian Strawther,DEN,1238.0,-4.12,-7.39,-5.41
Jaylen Martin,WAS,217.0,-4.13,-7.56,-1.02
Cody Williams,UTA,932.0,-6.43,-10.11,-5.6
