"team_abbr","team_name","season","actual_wins","predicted_wins","pred_lo90","pred_hi90","residual"
"GSW","Golden State Warriors",2015,67,43.7,42.5,44.8,23.3
"ATL","Atlanta Hawks",2015,60,44.2,42.9,45.5,15.8
"HOU","Houston Rockets",2015,56,33.4,31.6,35.2,22.6
"MEM","Memphis Grizzlies",2015,55,35.5,34.2,36.8,19.5
"SAS","San Antonio Spurs",2015,55,40.9,39.8,42,14.1
"CLE","Cleveland Cavaliers",2015,53,32.9,31.3,34.5,20.1
"POR","Portland Trail Blazers",2015,51,34,32.7,35.4,17
"CHI","Chicago Bulls",2015,50,33.4,32.2,34.6,16.6
"DAL","Dallas Mavericks",2015,50,42.3,41.1,43.5,7.7
"TOR","Toronto Raptors",2015,49,39.9,38.9,40.9,9.1
"WAS","Washington Wizards",2015,46,31.9,30.5,33.2,14.1
"NOP","New Orleans Pelicans",2015,45,30.3,28.7,31.8,14.7
"OKC","Oklahoma City Thunder",2015,45,28.6,26.5,30.8,16.4
"MIL","Milwaukee Bucks",2015,41,30.1,28.6,31.6,10.9
"BOS","Boston Celtics",2015,40,29.2,26.4,32,10.8
"PHO","Phoenix Suns",2015,39,36.8,35.1,38.5,2.2
"BRK","Brooklyn Nets",2015,38,30.4,28.9,31.9,7.6
"IND","Indiana Pacers",2015,38,29.7,28.2,31.2,8.3
"UTA","Utah Jazz",2015,38,27.5,25.8,29.3,10.5
"MIA","Miami Heat",2015,37,35.5,34.3,36.7,1.5
"CHO","Charlotte Hornets",2015,33,24.6,22.6,26.6,8.4
"DET","Detroit Pistons",2015,32,28,25.7,30.3,4
"DEN","Denver Nuggets",2015,30,28.9,27.1,30.7,1.1
"SAC","Sacramento Kings",2015,29,29.1,27.6,30.6,-0.1
"ORL","Orlando Magic",2015,25,24.1,22.1,26.1,0.9
"LAL","Los Angeles Lakers",2015,21,28.2,26.6,29.8,-7.2
"PHI","Philadelphia 76ers",2015,18,18.2,15.6,20.9,-0.2
"NYK","New York Knicks",2015,17,25,23,27,-8
"MIN","Minnesota Timberwolves",2015,16,26.2,24,28.3,-10.2
"GSW","Golden State Warriors",2016,73,47,45.6,48.5,26
"SAS","San Antonio Spurs",2016,67,43.3,42,44.6,23.7
"CLE","Cleveland Cavaliers",2016,57,39,38.1,39.9,18
"TOR","Toronto Raptors",2016,56,37.1,36.1,38,18.9
"OKC","Oklahoma City Thunder",2016,55,37.5,36.6,38.4,17.5
"LAC","LA Clippers",2016,53,40.6,39.6,41.7,12.4
"ATL","Atlanta Hawks",2016,48,40,39,41,8
"BOS","Boston Celtics",2016,48,33.9,32.7,35,14.1
"CHO","Charlotte Hornets",2016,48,36.4,35.4,37.4,11.6
"MIA","Miami Heat",2016,48,34.6,33.3,36.1,13.4
"IND","Indiana Pacers",2016,45,32.6,31.4,33.9,12.4
"DET","Detroit Pistons",2016,44,26.6,24.7,28.4,17.4
"POR","Portland Trail Blazers",2016,44,33,31.8,34.2,11
"CHI","Chicago Bulls",2016,42,30.2,28.8,31.6,11.8
"DAL","Dallas Mavericks",2016,42,37.9,36.8,39,4.1
"MEM","Memphis Grizzlies",2016,42,34.1,32.5,35.7,7.9
"HOU","Houston Rockets",2016,41,38.3,37.3,39.2,2.7
"WAS","Washington Wizards",2016,41,37.4,36.4,38.3,3.6
"UTA","Utah Jazz",2016,40,29.8,28.3,31.3,10.2
"ORL","Orlando Magic",2016,35,29.9,28.3,31.5,5.1
"DEN","Denver Nuggets",2016,33,29.4,27.9,30.9,3.6
"MIL","Milwaukee Bucks",2016,33,28.3,26.7,29.9,4.7
"SAC","Sacramento Kings",2016,33,36.1,35.1,37.1,-3.1
"NYK","New York Knicks",2016,32,29.8,28.4,31.2,2.2
"NOP","New Orleans Pelicans",2016,30,33.5,32.3,34.7,-3.5
"MIN","Minnesota Timberwolves",2016,29,31.3,29.9,32.8,-2.3
"PHO","Phoenix Suns",2016,23,26,24.1,27.8,-3
"BRK","Brooklyn Nets",2016,21,30.4,29,31.8,-9.4
"LAL","Los Angeles Lakers",2016,17,24,22,26.1,-7
"PHI","Philadelphia 76ers",2016,10,23,20.9,25.2,-13
"GSW","Golden State Warriors",2017,67,51,49.4,52.6,16
"SAS","San Antonio Spurs",2017,61,43.3,42.2,44.5,17.7
"HOU","Houston Rockets",2017,55,46.9,45.7,48.2,8.1
"BOS","Boston Celtics",2017,53,40.2,39.2,41.1,12.8
"CLE","Cleveland Cavaliers",2017,51,43.3,42,44.6,7.7
"LAC","LA Clippers",2017,51,45.7,44.4,47,5.3
"TOR","Toronto Raptors",2017,51,40.8,39.6,42,10.2
"UTA","Utah Jazz",2017,51,38.2,37.2,39.1,12.8
"WAS","Washington Wizards",2017,49,41.3,40.3,42.3,7.7
"OKC","Oklahoma City Thunder",2017,47,30.7,28.9,32.6,16.3
"ATL","Atlanta Hawks",2017,43,36.4,35.3,37.6,6.6
"MEM","Memphis Grizzlies",2017,43,35.1,33.9,36.4,7.9
"IND","Indiana Pacers",2017,42,38.6,37.5,39.7,3.4
"MIL","Milwaukee Bucks",2017,42,39.1,38.1,40,2.9
"CHI","Chicago Bulls",2017,41,31.7,30.3,33.1,9.3
"MIA","Miami Heat",2017,41,33.7,32.5,34.9,7.3
"POR","Portland Trail Blazers",2017,41,37.1,36.1,38.1,3.9
"DEN","Denver Nuggets",2017,40,38.7,37.7,39.8,1.3
"DET","Detroit Pistons",2017,37,29.1,27.6,30.6,7.9
"CHO","Charlotte Hornets",2017,36,38.2,37.2,39.1,-2.2
"NOP","New Orleans Pelicans",2017,34,36.4,34.8,37.9,-2.4
"DAL","Dallas Mavericks",2017,33,36,34.9,37.1,-3
"SAC","Sacramento Kings",2017,32,36.9,35.7,38.2,-4.9
"MIN","Minnesota Timberwolves",2017,31,34,32.9,35.2,-3
"NYK","New York Knicks",2017,31,32.7,31.4,33.9,-1.7
"ORL","Orlando Magic",2017,29,29,27.4,30.6,0
"PHI","Philadelphia 76ers",2017,28,28.7,26.8,30.5,-0.7
"LAL","Los Angeles Lakers",2017,26,28.8,27.3,30.4,-2.8
"PHO","Phoenix Suns",2017,24,30.1,28.7,31.6,-6.1
"BRK","Brooklyn Nets",2017,20,31.5,30.2,32.8,-11.5
"HOU","Houston Rockets",2018,65,48,46.6,49.4,17
"TOR","Toronto Raptors",2018,59,44.9,43.7,46,14.1
"GSW","Golden State Warriors",2018,58,49,47.4,50.6,9
"BOS","Boston Celtics",2018,55,32.6,31.4,33.9,22.4
"PHI","Philadelphia 76ers",2018,52,40.2,39.1,41.4,11.8
"CLE","Cleveland Cavaliers",2018,50,48.1,46.4,49.9,1.9
"POR","Portland Trail Blazers",2018,49,33.8,32.6,34.9,15.2
"IND","Indiana Pacers",2018,48,39,38.1,39.9,9
"NOP","New Orleans Pelicans",2018,48,42.7,41.7,43.8,5.3
"OKC","Oklahoma City Thunder",2018,48,38.7,37.7,39.7,9.3
"UTA","Utah Jazz",2018,48,40.2,39.3,41.2,7.8
"MIN","Minnesota Timberwolves",2018,47,44.2,43.1,45.3,2.8
"SAS","San Antonio Spurs",2018,47,36.9,35.8,38.1,10.1
"DEN","Denver Nuggets",2018,46,39.9,39,40.7,6.1
"MIA","Miami Heat",2018,44,37.3,36.4,38.2,6.7
"MIL","Milwaukee Bucks",2018,44,42.1,41.1,43,1.9
"WAS","Washington Wizards",2018,43,40.2,39.3,41.2,2.8
"LAC","LA Clippers",2018,42,41,40,42,1
"DET","Detroit Pistons",2018,39,38.2,37.2,39.3,0.8
"CHO","Charlotte Hornets",2018,36,36.5,35.6,37.5,-0.5
"LAL","Los Angeles Lakers",2018,35,33.7,32.6,34.9,1.3
"NYK","New York Knicks",2018,29,33.7,32.5,34.8,-4.7
"BRK","Brooklyn Nets",2018,28,34,32.7,35.2,-6
"CHI","Chicago Bulls",2018,27,28.4,26.8,30.1,-1.4
"SAC","Sacramento Kings",2018,27,30.9,29.5,32.3,-3.9
"ORL","Orlando Magic",2018,25,33.2,32,34.3,-8.2
"ATL","Atlanta Hawks",2018,24,34.6,33.5,35.7,-10.6
"DAL","Dallas Mavericks",2018,24,36.7,35.7,37.8,-12.7
"MEM","Memphis Grizzlies",2018,22,31.3,30.1,32.6,-9.3
"PHO","Phoenix Suns",2018,21,28.9,27,30.8,-7.9
"MIL","Milwaukee Bucks",2019,60,44.6,43.4,45.7,15.4
"TOR","Toronto Raptors",2019,58,48.6,47.1,50.2,9.4
"GSW","Golden State Warriors",2019,57,50.5,48.9,52.2,6.5
"DEN","Denver Nuggets",2019,54,40.1,39.1,41,13.9
"HOU","Houston Rockets",2019,53,45.7,44.5,46.9,7.3
"POR","Portland Trail Blazers",2019,53,42.2,41.2,43.3,10.8
"PHI","Philadelphia 76ers",2019,51,45.7,43.6,47.8,5.3
"UTA","Utah Jazz",2019,50,44.1,43,45.1,5.9
"BOS","Boston Celtics",2019,49,43.8,42.8,44.8,5.2
"OKC","Oklahoma City Thunder",2019,49,38.8,37.9,39.7,10.2
"IND","Indiana Pacers",2019,48,42.2,41.3,43.2,5.8
"LAC","LA Clippers",2019,48,44.5,43,46,3.5
"SAS","San Antonio Spurs",2019,48,45.8,44.5,47.1,2.2
"BRK","Brooklyn Nets",2019,42,37.1,36.1,38,4.9
"ORL","Orlando Magic",2019,42,37.5,36.5,38.5,4.5
"DET","Detroit Pistons",2019,41,33.4,32.2,34.5,7.6
"CHO","Charlotte Hornets",2019,39,39.9,39,40.8,-0.9
"MIA","Miami Heat",2019,39,35.7,34.7,36.7,3.3
"SAC","Sacramento Kings",2019,39,37.6,36.5,38.7,1.4
"LAL","Los Angeles Lakers",2019,37,35.7,34.6,36.8,1.3
"MIN","Minnesota Timberwolves",2019,36,39.8,38.9,40.8,-3.8
"DAL","Dallas Mavericks",2019,33,38.3,36.8,39.7,-5.3
"MEM","Memphis Grizzlies",2019,33,37.3,36,38.7,-4.3
"NOP","New Orleans Pelicans",2019,33,37.6,36.6,38.5,-4.6
"WAS","Washington Wizards",2019,32,42.7,41.2,44.3,-10.7
"ATL","Atlanta Hawks",2019,29,33.5,32,35,-4.5
"CHI","Chicago Bulls",2019,22,30.7,29,32.4,-8.7
"CLE","Cleveland Cavaliers",2019,19,30.9,29,32.8,-11.9
"PHO","Phoenix Suns",2019,19,33.2,31.6,34.8,-14.2
"NYK","New York Knicks",2019,17,31.2,29.3,33,-14.2
"MIL","Milwaukee Bucks",2020,56,42.6,41.3,43.8,13.4
"TOR","Toronto Raptors",2020,53,40.6,39.2,42,12.4
"LAL","Los Angeles Lakers",2020,52,44.1,42.7,45.5,7.9
"LAC","LA Clippers",2020,49,41.7,40.7,42.7,7.3
"BOS","Boston Celtics",2020,48,39.9,38.6,41.2,8.1
"DEN","Denver Nuggets",2020,46,41,40.1,41.8,5
"IND","Indiana Pacers",2020,45,39.7,38.4,41,5.3
"HOU","Houston Rockets",2020,44,43.6,42.5,44.8,0.4
"MIA","Miami Heat",2020,44,43.1,42.2,44.1,0.9
"OKC","Oklahoma City Thunder",2020,44,37.3,36,38.6,6.7
"UTA","Utah Jazz",2020,44,42.8,41.6,44,1.2
"DAL","Dallas Mavericks",2020,43,44.7,43.3,46,-1.7
"PHI","Philadelphia 76ers",2020,43,41.3,40.4,42.3,1.7
"BRK","Brooklyn Nets",2020,35,35.2,34,36.4,-0.2
"POR","Portland Trail Blazers",2020,35,40.1,38.9,41.2,-5.1
"MEM","Memphis Grizzlies",2020,34,35.3,33.9,36.8,-1.3
"PHO","Phoenix Suns",2020,34,39.8,38.6,41.1,-5.8
"ORL","Orlando Magic",2020,33,36.4,35.3,37.5,-3.4
"SAS","San Antonio Spurs",2020,32,42.3,40.8,43.7,-10.3
"SAC","Sacramento Kings",2020,31,40.9,40,41.8,-9.9
"NOP","New Orleans Pelicans",2020,30,36.3,35,37.6,-6.3
"WAS","Washington Wizards",2020,25,37.1,36.1,38.2,-12.1
"CHO","Charlotte Hornets",2020,23,29.3,27.5,31.1,-6.3
"CHI","Chicago Bulls",2020,22,33.5,31.8,35.2,-11.5
"NYK","New York Knicks",2020,21,29.4,27.8,31,-8.4
"ATL","Atlanta Hawks",2020,20,29.8,28.2,31.4,-9.8
"DET","Detroit Pistons",2020,20,34.3,32.8,35.7,-14.3
"CLE","Cleveland Cavaliers",2020,19,30.8,29.3,32.4,-11.8
"MIN","Minnesota Timberwolves",2020,19,33.2,32,34.4,-14.2
"GSW","Golden State Warriors",2020,15,33.3,31.9,34.6,-18.3
"UTA","Utah Jazz",2021,52,48.1,46.3,49.9,3.9
"PHO","Phoenix Suns",2021,51,48.7,47.1,50.4,2.3
"PHI","Philadelphia 76ers",2021,49,41.8,40.8,42.8,7.2
"BRK","Brooklyn Nets",2021,48,53.6,51.7,55.4,-5.6
"DEN","Denver Nuggets",2021,47,42.7,41.7,43.6,4.3
"LAC","LA Clippers",2021,47,48.8,47.2,50.4,-1.8
"MIL","Milwaukee Bucks",2021,46,46.1,44.9,47.3,-0.1
"DAL","Dallas Mavericks",2021,42,42.7,41.5,43.9,-0.7
"LAL","Los Angeles Lakers",2021,42,40,38.9,41.1,2
"POR","Portland Trail Blazers",2021,42,45.7,44.3,47,-3.7
"ATL","Atlanta Hawks",2021,41,41.9,40.8,43.1,-0.9
"NYK","New York Knicks",2021,41,38.1,37,39.2,2.9
"MIA","Miami Heat",2021,40,43.4,42.3,44.5,-3.4
"GSW","Golden State Warriors",2021,39,41.5,40.3,42.8,-2.5
"MEM","Memphis Grizzlies",2021,38,40,38.6,41.4,-2
"BOS","Boston Celtics",2021,36,39.4,38.4,40.4,-3.4
"IND","Indiana Pacers",2021,34,42.7,41,44.4,-8.7
"WAS","Washington Wizards",2021,34,40.2,39,41.4,-6.2
"CHO","Charlotte Hornets",2021,33,36.9,35.7,38.1,-3.9
"SAS","San Antonio Spurs",2021,33,39.4,38.2,40.6,-6.4
"CHI","Chicago Bulls",2021,31,39.8,38.8,40.7,-8.8
"NOP","New Orleans Pelicans",2021,31,36.4,35.3,37.6,-5.4
"SAC","Sacramento Kings",2021,31,43.9,42.9,45,-12.9
"TOR","Toronto Raptors",2021,27,43.2,42.2,44.2,-16.2
"MIN","Minnesota Timberwolves",2021,23,34.5,33.1,36,-11.5
"CLE","Cleveland Cavaliers",2021,22,31.2,29.9,32.6,-9.2
"OKC","Oklahoma City Thunder",2021,22,25.2,23.2,27.2,-3.2
"ORL","Orlando Magic",2021,21,30.5,29,32,-9.5
"DET","Detroit Pistons",2021,20,35.3,34.2,36.4,-15.3
"HOU","Houston Rockets",2021,17,38,37.1,38.9,-21
"PHO","Phoenix Suns",2022,64,48.7,47.3,50,15.3
"MEM","Memphis Grizzlies",2022,56,41.5,40.5,42.6,14.5
"GSW","Golden State Warriors",2022,53,45.3,44.2,46.5,7.7
"MIA","Miami Heat",2022,53,45.1,43.9,46.2,7.9
"DAL","Dallas Mavericks",2022,52,44.4,43.4,45.6,7.6
"BOS","Boston Celtics",2022,51,47.3,45.9,48.6,3.7
"MIL","Milwaukee Bucks",2022,51,46.9,45.7,48.2,4.1
"PHI","Philadelphia 76ers",2022,51,47.9,46.5,49.3,3.1
"UTA","Utah Jazz",2022,49,49.5,48,51.1,-0.5
"DEN","Denver Nuggets",2022,48,47.1,45.9,48.4,0.9
"TOR","Toronto Raptors",2022,48,36.6,35.5,37.6,11.4
"CHI","Chicago Bulls",2022,46,44.3,43.3,45.4,1.7
"MIN","Minnesota Timberwolves",2022,46,42.3,41.2,43.3,3.7
"BRK","Brooklyn Nets",2022,44,46.8,45.3,48.2,-2.8
"CLE","Cleveland Cavaliers",2022,44,40,39.1,41,4
"ATL","Atlanta Hawks",2022,43,46.6,45.4,47.8,-3.6
"CHO","Charlotte Hornets",2022,43,48.8,47.4,50.1,-5.8
"LAC","LA Clippers",2022,42,41.6,40.6,42.5,0.4
"NYK","New York Knicks",2022,37,39,38.2,40,-2
"NOP","New Orleans Pelicans",2022,36,42.1,41.1,43,-6.1
"WAS","Washington Wizards",2022,35,44.1,43,45.3,-9.1
"SAS","San Antonio Spurs",2022,34,40.9,39.6,42.2,-6.9
"LAL","Los Angeles Lakers",2022,33,43.1,41.8,44.5,-10.1
"SAC","Sacramento Kings",2022,30,44.4,42.5,46.4,-14.4
"POR","Portland Trail Blazers",2022,27,40.3,39.2,41.4,-13.3
"IND","Indiana Pacers",2022,25,42.3,40.6,44,-17.3
"OKC","Oklahoma City Thunder",2022,24,25.7,23.7,27.7,-1.7
"DET","Detroit Pistons",2022,23,29.6,28.1,31.1,-6.6
"ORL","Orlando Magic",2022,22,28.6,26.9,30.3,-6.6
"HOU","Houston Rockets",2022,20,35.8,34.6,37,-15.8
"MIL","Milwaukee Bucks",2023,58,46.7,45.4,48,11.3
"BOS","Boston Celtics",2023,57,52.8,51,54.6,4.2
"PHI","Philadelphia 76ers",2023,54,51.3,49.7,52.9,2.7
"DEN","Denver Nuggets",2023,53,52.5,50.8,54.2,0.5
"CLE","Cleveland Cavaliers",2023,51,46.8,45.5,48.1,4.2
"MEM","Memphis Grizzlies",2023,51,42.1,41,43.2,8.9
"SAC","Sacramento Kings",2023,48,51.3,49.6,53,-3.3
"NYK","New York Knicks",2023,47,43.9,42.9,45,3.1
"BRK","Brooklyn Nets",2023,45,55.3,52.9,57.8,-10.3
"PHO","Phoenix Suns",2023,45,50.8,49.1,52.4,-5.8
"GSW","Golden State Warriors",2023,44,49.2,47.8,50.7,-5.2
"LAC","LA Clippers",2023,44,54.2,52,56.4,-10.2
"MIA","Miami Heat",2023,44,43.4,42.4,44.4,0.6
"LAL","Los Angeles Lakers",2023,43,48,45.8,50.2,-5
"MIN","Minnesota Timberwolves",2023,42,48,46.7,49.3,-6
"NOP","New Orleans Pelicans",2023,42,45.5,44.4,46.6,-3.5
"ATL","Atlanta Hawks",2023,41,45.5,44.3,46.7,-4.5
"TOR","Toronto Raptors",2023,41,45.3,44.2,46.5,-4.3
"CHI","Chicago Bulls",2023,40,46.1,44.9,47.3,-6.1
"OKC","Oklahoma City Thunder",2023,40,40.1,39,41.3,-0.1
"DAL","Dallas Mavericks",2023,38,51.6,49.9,53.3,-13.6
"UTA","Utah Jazz",2023,37,45.4,44.3,46.6,-8.4
"IND","Indiana Pacers",2023,35,43.7,42.6,44.7,-8.7
"WAS","Washington Wizards",2023,35,45.7,44.6,46.9,-10.7
"ORL","Orlando Magic",2023,34,37.1,35.9,38.2,-3.1
"POR","Portland Trail Blazers",2023,33,44.4,43.3,45.5,-11.4
"CHO","Charlotte Hornets",2023,27,38,37,39.1,-11
"HOU","Houston Rockets",2023,22,30.7,29,32.4,-8.7
"SAS","San Antonio Spurs",2023,22,35.4,34.2,36.6,-13.4
"DET","Detroit Pistons",2023,17,34.7,33.5,36,-17.7
"BOS","Boston Celtics",2024,64,56.5,54.4,58.6,7.5
"DEN","Denver Nuggets",2024,57,50.4,48.8,52,6.6
"OKC","Oklahoma City Thunder",2024,57,51.9,50.1,53.7,5.1
"MIN","Minnesota Timberwolves",2024,56,49.2,47.4,51,6.8
"LAC","LA Clippers",2024,51,53.1,51.2,55.1,-2.1
"DAL","Dallas Mavericks",2024,50,53.5,51.7,55.3,-3.5
"NYK","New York Knicks",2024,50,50.2,48.2,52.2,-0.2
"MIL","Milwaukee Bucks",2024,49,53.4,51.5,55.3,-4.4
"NOP","New Orleans Pelicans",2024,49,49.8,48.2,51.3,-0.8
"PHO","Phoenix Suns",2024,49,51.3,49.6,53,-2.3
"CLE","Cleveland Cavaliers",2024,48,48.4,47,49.8,-0.4
"IND","Indiana Pacers",2024,47,58.6,56.3,60.9,-11.6
"LAL","Los Angeles Lakers",2024,47,50.1,48.6,51.6,-3.1
"ORL","Orlando Magic",2024,47,40.8,39.6,42,6.2
"PHI","Philadelphia 76ers",2024,47,50.1,48.4,51.9,-3.1
"GSW","Golden State Warriors",2024,46,47.3,45.9,48.8,-1.3
"MIA","Miami Heat",2024,46,47.3,46,48.6,-1.3
"SAC","Sacramento Kings",2024,46,48.4,46.9,49.9,-2.4
"HOU","Houston Rockets",2024,41,41,40,42.1,0
"CHI","Chicago Bulls",2024,39,46,44.7,47.2,-7
"ATL","Atlanta Hawks",2024,36,47.2,45.9,48.5,-11.2
"BRK","Brooklyn Nets",2024,32,42.8,41.6,44,-10.8
"UTA","Utah Jazz",2024,31,44.5,43.4,45.5,-13.5
"MEM","Memphis Grizzlies",2024,27,33,31.8,34.2,-6
"TOR","Toronto Raptors",2024,25,47.6,45.3,49.8,-22.6
"SAS","San Antonio Spurs",2024,22,37.7,36.5,38.8,-15.7
"CHO","Charlotte Hornets",2024,21,38.3,37,39.6,-17.3
"POR","Portland Trail Blazers",2024,21,30.5,29.1,31.9,-9.5
"WAS","Washington Wizards",2024,15,44.4,43.3,45.5,-29.4
"DET","Detroit Pistons",2024,14,36.8,35.1,38.6,-22.8
"OKC","Oklahoma City Thunder",2025,68,52.4,50.6,54.3,15.6
"CLE","Cleveland Cavaliers",2025,64,57.9,55.6,60.2,6.1
"BOS","Boston Celtics",2025,61,51.2,49.4,53.1,9.8
"HOU","Houston Rockets",2025,52,39.1,38.1,40.1,12.9
"NYK","New York Knicks",2025,51,51,49.3,52.7,0
"DEN","Denver Nuggets",2025,50,52.7,50.9,54.5,-2.7
"IND","Indiana Pacers",2025,50,51.7,50,53.5,-1.7
"LAL","Los Angeles Lakers",2025,50,49.4,47.8,51,0.6
"MIN","Minnesota Timberwolves",2025,49,48.6,47.2,50,0.4
"GSW","Golden State Warriors",2025,48,48,46.5,49.6,0
"MEM","Memphis Grizzlies",2025,48,48,46.7,49.4,0
"MIL","Milwaukee Bucks",2025,48,50.1,48.5,51.6,-2.1
"DET","Detroit Pistons",2025,44,45.5,44.4,46.6,-1.5
"ORL","Orlando Magic",2025,41,36.8,35.8,37.9,4.2
"ATL","Atlanta Hawks",2025,40,50,48.4,51.5,-10
"SAC","Sacramento Kings",2025,40,53.1,51.1,55.2,-13.1
"CHI","Chicago Bulls",2025,39,45.9,44.7,47.1,-6.9
"DAL","Dallas Mavericks",2025,39,51.3,49.5,53,-12.3
"MIA","Miami Heat",2025,37,48,46.5,49.6,-11
"PHO","Phoenix Suns",2025,36,51.9,50.3,53.6,-15.9
"POR","Portland Trail Blazers",2025,36,35.9,34.8,37,0.1
"SAS","San Antonio Spurs",2025,34,48,46.6,49.5,-14
"TOR","Toronto Raptors",2025,30,37.6,36.5,38.6,-7.6
"BRK","Brooklyn Nets",2025,26,35.6,34.2,37,-9.6
"PHI","Philadelphia 76ers",2025,24,44.3,43.2,45.4,-20.3
"NOP","New Orleans Pelicans",2025,21,39.4,38.5,40.3,-18.4
"CHO","Charlotte Hornets",2025,19,32.5,31.2,33.7,-13.5
"WAS","Washington Wizards",2025,18,31.7,30.2,33.1,-13.7
"UTA","Utah Jazz",2025,17,35.1,34,36.3,-18.1
